-- phpMyAdmin SQL Dump
-- version 5.2.1
-- https://www.phpmyadmin.net/
--
-- Host: 127.0.0.1
-- Generation Time: Dec 20, 2023 at 12:23 PM
-- Server version: 10.4.28-MariaDB
-- PHP Version: 8.0.28

SET SQL_MODE = "NO_AUTO_VALUE_ON_ZERO";
START TRANSACTION;
SET time_zone = "+00:00";


/*!40101 SET @OLD_CHARACTER_SET_CLIENT=@@CHARACTER_SET_CLIENT */;
/*!40101 SET @OLD_CHARACTER_SET_RESULTS=@@CHARACTER_SET_RESULTS */;
/*!40101 SET @OLD_COLLATION_CONNECTION=@@COLLATION_CONNECTION */;
/*!40101 SET NAMES utf8mb4 */;

--
-- Database: `ticket`
--

-- --------------------------------------------------------

--
-- Table structure for table `assignment`
--

CREATE TABLE `assignment` (
  `ticket_id` int(11) DEFAULT NULL,
  `user_id` int(11) DEFAULT NULL
) ENGINE=InnoDB DEFAULT CHARSET=utf8mb4 COLLATE=utf8mb4_general_ci;

--
-- Dumping data for table `assignment`
--

INSERT INTO `assignment` (`ticket_id`, `user_id`) VALUES
(13, 1),
(14, 1),
(14, 2),
(15, 1),
(15, 2),
(16, 1),
(16, 2),
(17, 1),
(17, 2);

-- --------------------------------------------------------

--
-- Table structure for table `comment`
--

CREATE TABLE `comment` (
  `comment_id` int(11) NOT NULL,
  `comment` text DEFAULT NULL,
  `user_id` int(11) DEFAULT NULL,
  `ticket_id` int(11) DEFAULT NULL
) ENGINE=InnoDB DEFAULT CHARSET=utf8mb4 COLLATE=utf8mb4_general_ci;

--
-- Dumping data for table `comment`
--

INSERT INTO `comment` (`comment_id`, `comment`, `user_id`, `ticket_id`) VALUES
(1, 'sss', NULL, NULL),
(4, 'test', NULL, NULL),
(7, 'test', 1, 6),
(9, 'test', 1, 6),
(61, '', 1, 6),
(62, '', 1, 6),
(63, '', 1, 6),
(64, '', 1, 6),
(65, '', 1, 6),
(66, '', 1, 6),
(67, '', 1, 6),
(68, '', 1, 6),
(69, '', 1, 6),
(70, '', 1, 6),
(71, '', 1, 6),
(72, '', 1, 6),
(73, '', 1, 6),
(74, '', 1, 6),
(75, '', 1, 6),
(76, '', 1, 6),
(77, '', 1, 6),
(78, '', 1, 6),
(79, '', 1, 6),
(80, 'okay', 1, 6),
(81, 'test', 1, 6),
(82, 'again', 1, 6),
(83, 'again', 1, 6),
(84, 'test', 1, 6),
(85, 'allo', 1, 6),
(86, 'oaky', 1, 6),
(87, 'test', 1, 6),
(88, 'test', 1, 6),
(89, 'okay', 1, 6),
(90, 'allo', 1, 6),
(91, 'allo', 1, 7),
(92, 'test', 1, 7),
(93, 'add comment', 1, 7),
(94, 'test', 1, 7),
(95, 'allo', 1, 7),
(96, 'woow', 1, 7),
(97, 'okay', 1, 7),
(98, 'high', 1, 9),
(99, 'priority', 1, 9),
(100, 'test', 1, 9),
(101, 'herba', 1, 9),
(102, 'x', 1, 9),
(103, 'll', 1, 9),
(104, 'x', 1, 9),
(105, 'dd', 1, 9),
(106, 'tee', 1, 9),
(107, 'eeeee', 1, 9),
(108, 'e', 1, 9),
(109, 'test', 1, 9),
(110, 'okay', 1, 9),
(111, 'tttttttttttttttttttt', 1, 9),
(112, 'lll', 1, 9),
(113, 'hhh', 1, 9),
(114, 'allo', 1, 9),
(115, 'khoooooolooooooood', 1, 9),
(116, 'teees', 1, 9),
(117, 'alllooooo', 1, 9),
(118, 'allo', 1, 9),
(119, 'test', 2, 6),
(120, 'test', 2, 6),
(121, 'testt', 2, 6),
(122, 'all', 2, 9),
(123, 'okay', 2, 9),
(124, 'oka', 2, 9),
(125, 'maryam', 2, 9),
(126, 'oo', 2, 9),
(127, 'ttttttttttt', 2, 9),
(128, 'med', 2, 9),
(129, 'tststs', 2, 9),
(130, 'test', 2, 14),
(131, 'allo', 2, 14),
(132, 'tets', 2, 17),
(133, 'uhui', 2, 17),
(134, 'jnjhb', 2, 17);

-- --------------------------------------------------------

--
-- Table structure for table `tag`
--

CREATE TABLE `tag` (
  `tag_id` int(11) NOT NULL,
  `tag` text DEFAULT NULL
) ENGINE=InnoDB DEFAULT CHARSET=utf8mb4 COLLATE=utf8mb4_general_ci;

--
-- Dumping data for table `tag`
--

INSERT INTO `tag` (`tag_id`, `tag`) VALUES
(1, 'SoftwareIssue'),
(2, 'HardwareProblem'),
(3, 'NetworkTrouble'),
(4, 'SecurityConcern'),
(5, 'AccountAccess'),
(6, 'Software Issue'),
(7, 'Hardware Problem'),
(8, 'Network Trouble'),
(9, 'Security Concern'),
(10, 'Account Access');

-- --------------------------------------------------------

--
-- Table structure for table `tag_ticket`
--

CREATE TABLE `tag_ticket` (
  `ticket_id` int(11) DEFAULT NULL,
  `tag_id` int(11) DEFAULT NULL
) ENGINE=InnoDB DEFAULT CHARSET=utf8mb4 COLLATE=utf8mb4_general_ci;

--
-- Dumping data for table `tag_ticket`
--

INSERT INTO `tag_ticket` (`ticket_id`, `tag_id`) VALUES
(15, 1),
(15, 2),
(16, 1),
(16, 2),
(16, 3),
(16, 4),
(17, 1),
(17, 2),
(17, 3),
(17, 4);

-- --------------------------------------------------------

--
-- Table structure for table `ticket`
--

CREATE TABLE `ticket` (
  `ticket_id` int(11) NOT NULL,
  `subject` text DEFAULT NULL,
  `description` text DEFAULT NULL,
  `status` text DEFAULT NULL,
  `priority` text DEFAULT NULL,
  `date` int(11) DEFAULT NULL,
  `deadline` int(11) DEFAULT NULL,
  `is_deleted` tinyint(1) DEFAULT 0,
  `user_id` int(11) DEFAULT NULL
) ENGINE=InnoDB DEFAULT CHARSET=utf8mb4 COLLATE=utf8mb4_general_ci;

--
-- Dumping data for table `ticket`
--

INSERT INTO `ticket` (`ticket_id`, `subject`, `description`, `status`, `priority`, `date`, `deadline`, `is_deleted`, `user_id`) VALUES
(1, 'test', 'test', 'Done', 'important', 1702814508, 1741694508, 0, NULL),
(2, 'allo', 'ssssssssss', 'Doing', 'important', 1702814890, 1699790890, 0, 1),
(3, 'other test', 'Lorem ipsum dolor sit amet, consectetur adipiscing elit, sed do eiusmod tempor incididunt ut labore et dolore magna aliqua. Imperdiet massa tincidunt nunc pulvinar sapien et ligula ullamcorper. Egestas quis ipsum suspendisse ultrices gravida dictum fusce ut placerat. Vulputate ut pharetra sit amet aliquam id diam maecenas. Quis vel eros donec ac odio tempor orci dapibus ultrices. Urna duis convallis convallis tellus id interdum. A scelerisque purus semper eget duis at tellus at. Tristique risus nec feugiat in fermentum posuere. Volutpat blandit aliquam etiam erat velit scelerisque in dictum. Volutpat maecenas volutpat blandit aliquam etiam erat velit scelerisque. Maecenas sed enim ut sem viverra aliquet eget sit amet. Id volutpat lacus laoreet non curabitur gravida arcu ac tortor. Convallis convallis tellus id interdum velit laoreet id donec. Id leo in vitae turpis massa. A arcu cursus vitae congue mauris rhoncus. Nulla at volutpat diam ut venenatis tellus.\n\nAugue ut lectus arcu bibendum at. Convallis aenean et tortor at risus viverra. Pulvinar pellentesque habitant morbi tristique. Fames ac turpis egestas sed tempus urna. Convallis aenean et tortor at risus viverra adipiscing at in. Vulputate sapien nec sagittis aliquam malesuada bibendum arcu vitae elementum. Tempor nec feugiat nisl pretium fusce id velit ut tortor. Turpis tincidunt id aliquet risus feugiat. Nulla pharetra diam sit amet. Egestas sed sed risus pretium quam vulputate. Sem fringilla ut morbi tincidunt augue interdum velit euismod. Sed euismod nisi porta lorem mollis aliquam ut porttitor leo. Pharetra convallis posuere morbi leo urna.\n\nSodales ut etiam sit amet nisl purus in mollis. Faucibus scelerisque eleifend donec pretium vulputate sapien nec sagittis aliquam. Etiam sit amet nisl purus in mollis nunc sed. Lectus mauris ultrices eros in cursus turpis massa tincidunt. Feugiat scelerisque varius morbi enim nunc faucibus a. Id semper risus in hendrerit gravida rutrum quisque. Euismod elementum nisi quis eleifend quam adipiscing vitae proin sagittis. Convallis aenean et tortor at risus viverra adipiscing at in. Laoreet id donec ultrices tincidunt arcu. Sollicitudin tempor id eu nisl nunc mi.\n\nNascetur ridiculus mus mauris vitae ultricies leo integer. Enim nunc faucibus a pellentesque sit. Arcu cursus vitae congue mauris rhoncus. Sit amet consectetur adipiscing elit. Augue neque gravida in fermentum et sollicitudin. Tincidunt id aliquet risus feugiat. Nunc id cursus metus aliquam. Tellus mauris a diam maecenas. Justo eget magna fermentum iaculis eu non diam phasellus vestibulum. Lectus sit amet est placerat in egestas erat. Eget mi proin sed libero enim. Diam maecenas ultricies mi eget mauris pharetra et ultrices neque. Felis eget nunc lobortis mattis aliquam. Massa eget egestas purus viverra accumsan in. Quis varius quam quisque id diam vel. Viverra adipiscing at in tellus integer. In nisl nisi scelerisque eu ultrices vitae.\n\nDolor sed viverra ipsum nunc aliquet bibendum enim facilisis gravida. Laoreet id donec ultrices tincidunt arcu. Viverra adipiscing at in tellus integer feugiat scelerisque varius. Lorem ipsum dolor sit amet. Nunc mi ipsum faucibus vitae aliquet nec. Sed euismod nisi porta lorem mollis aliquam ut porttitor. Mattis vulputate enim nulla aliquet porttitor. Placerat in egestas erat imperdiet sed euismod nisi porta lorem. Semper auctor neque vitae tempus quam pellentesque nec. Eget lorem dolor sed viverra. Egestas purus viverra accumsan in. Scelerisque viverra mauris in aliquam sem. Cum sociis natoque penatibus et. Interdum velit euismod in pellentesque massa placerat duis ultricies. Ac turpis egestas maecenas pharetra convallis posuere morbi leo urna. Ullamcorper morbi tincidunt ornare massa eget egestas purus viverra. Eget velit aliquet sagittis id consectetur purus ut. Facilisis leo vel fringilla est ullamcorper eget nulla facilisi etiam. Sed egestas egestas fringilla phasellus faucibus scelerisque eleifend. Nisi lacus sed viverra tellus in hac habitasse platea.\n\nVarius sit amet mattis vulputate enim nulla aliquet porttitor. Felis bibendum ut tristique et egestas quis ipsum. Et malesuada fames ac turpis egestas. Eu consequat ac felis donec et odio pellentesque diam volutpat. Pulvinar etiam non quam lacus suspendisse faucibus interdum. Lacus sed viverra tellus in hac habitasse. Pulvinar neque laoreet suspendisse interdum consectetur libero id faucibus nisl. Duis at tellus at urna condimentum mattis pellentesque id. Nec sagittis aliquam malesuada bibendum arcu vitae elementum curabitur vitae. Dignissim sodales ut eu sem. Leo vel fringilla est ullamcorper eget nulla facilisi.\n\nRisus nec feugiat in fermentum posuere urna nec. Cursus vitae congue mauris rhoncus aenean vel elit scelerisque. Egestas pretium aenean pharetra magna ac. Ipsum dolor sit amet consectetur adipiscing elit ut aliquam purus. Vulputate dignissim suspendisse in est ante in nibh. Aliquam etiam erat velit scelerisque in. Molestie ac feugiat sed lectus vestibulum. Integer feugiat scelerisque varius morbi enim nunc. Turpis massa sed elementum tempus egestas sed sed risus pretium. Tempor id eu nisl nunc. Vitae auctor eu augue ut lectus arcu bibendum at varius. Nam at lectus urna duis convallis. Id semper risus in hendrerit gravida. In egestas erat imperdiet sed. Cras sed felis eget velit aliquet sagittis id consectetur.\n\nAmet luctus venenatis lectus magna fringilla. Amet facilisis magna etiam tempor orci eu. Turpis egestas sed tempus urna. Enim lobortis scelerisque fermentum dui faucibus. Adipiscing elit duis tristique sollicitudin nibh. Mattis rhoncus urna neque viverra justo nec ultrices dui sapien. Pellentesque elit eget gravida cum sociis. Sed risus pretium quam vulputate dignissim suspendisse in est ante. Scelerisque viverra mauris in aliquam sem fringilla ut morbi tincidunt. Dolor morbi non arcu risus quis varius quam. Neque aliquam vestibulum morbi blandit. Tellus molestie nunc non blandit massa enim nec dui nunc. Ullamcorper eget nulla facilisi etiam dignissim diam quis enim.\n\nDiam sit amet nisl suscipit adipiscing. Vulputate mi sit amet mauris. Purus non enim praesent elementum facilisis leo vel fringilla est. Non tellus orci ac auctor augue mauris. Eleifend donec pretium vulputate sapien nec sagittis aliquam. Tristique senectus et netus et. Facilisi nullam vehicula ipsum a arcu cursus vitae congue mauris. Faucibus et molestie ac feugiat sed lectus vestibulum mattis ullamcorper. Facilisis magna etiam tempor orci eu lobortis elementum nibh. Nec ultrices dui sapien eget mi proin. Diam quam nulla porttitor massa id neque aliquam vestibulum. Pellentesque elit eget gravida cum. Ullamcorper dignissim cras tincidunt lobortis feugiat vivamus at augue. In iaculis nunc sed augue lacus. Et ultrices neque ornare aenean euismod elementum nisi quis. Fermentum posuere urna nec tincidunt praesent semper feugiat.\n\nTincidunt tortor aliquam nulla facilisi cras fermentum. Vitae semper quis lectus nulla. Tellus in hac habitasse platea dictumst vestibulum. Dui accumsan sit amet nulla facilisi. Nec nam aliquam sem et tortor consequat id porta nibh. Nibh cras pulvinar mattis nunc sed. Purus semper eget duis at tellus at urna condimentum mattis. Posuere morbi leo urna molestie. Sem integer vitae justo eget magna fermentum. Hendrerit gravida rutrum quisque non tellus orci. Pellentesque elit ullamcorper dignissim cras tincidunt lobortis feugiat.\n\nEt ligula ullamcorper malesuada proin libero nunc. Sed turpis tincidunt id aliquet risus. Duis ut diam quam nulla porttitor massa id neque. In dictum non consectetur a erat nam. Sit amet consectetur adipiscing elit ut aliquam. Mauris sit amet massa vitae. Morbi blandit cursus risus at ultrices mi tempus. Id volutpat lacus laoreet non curabitur. Quis lectus nulla at volutpat. Vitae turpis massa sed elementum tempus egestas sed. Mattis vulputate enim nulla aliquet porttitor lacus. Ipsum dolor sit amet consectetur adipiscing elit. Justo donec enim diam vulputate. Tincidunt augue interdum velit euismod in pellentesque massa placerat duis. Enim nec dui nunc mattis. Sed lectus vestibulum mattis ullamcorper velit sed ullamcorper morbi.\n\nMattis pellentesque id nibh tortor id aliquet lectus proin. Tristique senectus et netus et malesuada fames ac. Accumsan tortor posuere ac ut consequat. Urna duis convallis convallis tellus id interdum velit laoreet id. Porttitor massa id neque aliquam vestibulum morbi. Mattis nunc sed blandit libero. Pellentesque pulvinar pellentesque habitant morbi tristique. In nisl nisi scelerisque eu ultrices vitae auctor eu. Est ultricies integer quis auctor. Convallis a cras semper auctor neque vitae. Eget gravida cum sociis natoque penatibus et magnis. Commodo nulla facilisi nullam vehicula ipsum a arcu cursus vitae. Est ante in nibh mauris cursus mattis molestie a iaculis. Egestas purus viverra accumsan in. Justo donec enim diam vulputate ut pharetra sit amet aliquam.\n\nUltrices eros in cursus turpis massa tincidunt dui. Eu ultrices vitae auctor eu augue. Sit amet aliquam id diam maecenas. Id cursus metus aliquam eleifend mi in nulla posuere. Tortor aliquam nulla facilisi cras fermentum odio eu. Viverra tellus in hac habitasse platea dictumst vestibulum rhoncus. Ligula ullamcorper malesuada proin libero nunc consequat interdum varius. Ipsum suspendisse ultrices gravida dictum fusce. Sapien et ligula ullamcorper malesuada proin. Faucibus scelerisque eleifend donec pretium vulputate sapien nec sagittis. Aenean vel elit scelerisque mauris pellentesque pulvinar pellentesque. Vitae tortor condimentum lacinia quis vel eros donec ac. Ut tellus elementum sagittis vitae et leo. Sapien et ligula ullamcorper malesuada proin libero nunc. Mauris a diam maecenas sed enim ut sem viverra. Eu augue ut lectus arcu bibendum at varius. Metus vulputate eu scelerisque felis imperdiet.\n\nVitae justo eget magna fermentum iaculis eu non diam phasellus. Ullamcorper eget nulla facilisi etiam dignissim diam quis. Feugiat pretium nibh ipsum consequat nisl vel pretium lectus. Purus sit amet luctus venenatis lectus magna fringilla urna porttitor. Tellus integer feugiat scelerisque varius morbi enim nunc. Diam quis enim lobortis scelerisque fermentum dui faucibus. Purus in mollis nunc sed id semper risus in. Interdum consectetur libero id faucibus nisl tincidunt eget nullam. Eget nunc lobortis mattis aliquam faucibus purus in massa tempor. Lacus sed turpis tincidunt id aliquet risus feugiat in ante. Quis viverra nibh cras pulvinar mattis. Dictumst quisque sagittis purus sit amet volutpat consequat mauris. Magna sit amet purus gravida quis blandit turpis. Mus mauris vitae ultricies leo integer malesuada nunc vel. Duis ut diam quam nulla porttitor massa.\n\nEt molestie ac feugiat sed lectus vestibulum mattis ullamcorper. Ac turpis egestas integer eget aliquet. Sit amet dictum sit amet justo donec enim diam vulputate. Nunc congue nisi vitae suscipit. Laoreet non curabitur gravida arcu ac tortor dignissim convallis aenean. Turpis cursus in hac habitasse platea dictumst quisque sagittis purus. Dis parturient montes nascetur ridiculus. Id eu nisl nunc mi. Quis viverra nibh cras pulvinar mattis nunc sed blandit. Semper auctor neque vitae tempus quam pellentesque nec nam aliquam. Etiam erat velit scelerisque in. Sagittis nisl rhoncus mattis rhoncus urna. Volutpat ac tincidunt vitae semper. Risus feugiat in ante metus dictum at tempor commodo.\n\nVivamus at augue eget arcu dictum varius duis at. Hendrerit gravida rutrum quisque non tellus orci. Placerat orci nulla pellentesque dignissim enim sit amet. Hendrerit gravida rutrum quisque non tellus. Et ligula ullamcorper malesuada proin. Nunc pulvinar sapien et ligula. Volutpat odio facilisis mauris sit amet massa vitae tortor condimentum. Varius quam quisque id diam vel quam elementum. Interdum posuere lorem ipsum dolor sit amet consectetur adipiscing. Phasellus vestibulum lorem sed risus ultricies tristique nulla. Consectetur libero id faucibus nisl tincidunt eget nullam non nisi. Imperdiet dui accumsan sit amet nulla facilisi morbi. Posuere lorem ipsum dolor sit amet. Condimentum mattis pellentesque id nibh tortor id aliquet. Euismod in pellentesque massa placerat duis ultricies lacus sed.\n\nEst ultricies integer quis auctor elit sed. Quis varius quam quisque id diam vel quam elementum. Sed viverra ipsum nunc aliquet bibendum. Ullamcorper morbi tincidunt ornare massa eget egestas purus. Volutpat maecenas volutpat blandit aliquam etiam erat velit scelerisque in. Cursus mattis molestie a iaculis at erat pellentesque. Convallis aenean et tortor at risus viverra. A cras semper auctor neque. Eleifend quam adipiscing vitae proin sagittis nisl. Mattis pellentesque id nibh tortor id aliquet lectus. Velit ut tortor pretium viverra suspendisse potenti nullam. Elit sed vulputate mi sit amet mauris commodo quis imperdiet.\n\nDictum fusce ut placerat orci nulla pellentesque dignissim enim. Aliquet lectus proin nibh nisl condimentum. Nunc congue nisi vitae suscipit tellus. Morbi tristique senectus et netus et malesuada fames. Quis imperdiet massa tincidunt nunc pulvinar sapien. Quam lacus suspendisse faucibus interdum posuere lorem ipsum dolor. Mattis aliquam faucibus purus in. Consectetur libero id faucibus nisl tincidunt. Feugiat in ante metus dictum at tempor commodo ullamcorper. Nibh cras pulvinar mattis nunc sed. Justo donec enim diam vulputate ut pharetra sit amet aliquam. Quis imperdiet massa tincidunt nunc pulvinar sapien et ligula. Dapibus ultrices in iaculis nunc sed augue. Vitae tempus quam pellentesque nec nam aliquam sem et. Blandit turpis cursus in hac habitasse platea dictumst. Purus in massa tempor nec feugiat.\n\nFelis imperdiet proin fermentum leo vel orci porta non pulvinar. Arcu cursus euismod quis viverra. Risus in hendrerit gravida rutrum quisque non tellus. Tortor dignissim convallis aenean et tortor at. Iaculis urna id volutpat lacus laoreet. Facilisis mauris sit amet massa. Enim eu turpis egestas pretium aenean pharetra magna ac. Massa sed elementum tempus egestas sed sed. Cras adipiscing enim eu turpis egestas pretium aenean pharetra magna. Semper quis lectus nulla at volutpat diam ut venenatis.\n\nSed vulputate mi sit amet mauris commodo. Eget egestas purus viverra accumsan in nisl nisi scelerisque. Mattis pellentesque id nibh tortor id aliquet. Ornare suspendisse sed nisi lacus. Viverra aliquet eget sit amet tellus cras. Nibh ipsum consequat nisl vel pretium. Habitant morbi tristique senectus et netus et malesuada. Feugiat nisl pretium fusce id velit ut tortor pretium viverra. Adipiscing elit pellentesque habitant morbi tristique senectus et netus. Gravida rutrum quisque non tellus orci ac. Vel quam elementum pulvinar etiam non quam lacus. Phasellus vestibulum lorem sed risus. Viverra vitae congue eu consequat. Mus mauris vitae ultricies leo integer. Sit amet volutpat consequat mauris nunc. Sed pulvinar proin gravida hendrerit. Orci dapibus ultrices in iaculis nunc sed augue.', 'Doing', 'important', 1702842833, 1744397633, 0, 1),
(4, 'text', 'Urgentuuuuuuuuuuuuuuuuuuuuuuuuuuuuuuuuuuuuuuuuuuuuuuuuuuuuuuuuuuuuuuuuuuuuuuuuuuuuuuuuuuuuuuuuuuuuuuuuuuuuuuuuuuuuuuuuuuuuuuuuuuuuuuuuuuuuuuuuuuuuuuuuuuuuuuuuuuuuuuuuuuuuuuuuuuuuuuuuuuuuuuuuuuuuuuuuuuuuuuuuuuuuuuuuuuuuuuuuuuuuuuuuuuuuuuuuuuuuuuuuuuuuuuuuuuuuuuuuuuuuuuuuuuuuuuuuuuuuuuuuuuuuuuuuuuuuuuuuuuuuuuuuuuuuuuuuuuuuuuuuuuuuuu', 'Todo', NULL, 1702844941, 1681327741, 0, 1),
(5, '3333', 'Urgentuuuuuuuuuuuuuuuuuuuuuuuuuuuuuuuuuuuuuuuuuuuuuuuuuuuuuuuuuuuuuuuuuuuuuuuuuuuuuuuuuuuuuuuuuuuuuuuuuuuuuuuuuuuuuuuuuuuuuuuuuuuuuuuuuuuuuuuuuuuuuuuuuuuuuuuuuuuuuuuuuuuuuuuuuuuuuuuuuuuuuuuuuuuuuuuuuuuuuuuuuuuuuuuuuuuuuuuuuuuuuuuuuuuuuuuuuuuuuuuuuuuuuuuuuuuuuuuuuuuuuuuuuuuuuuuuuuuuuuuuuuuuuuuuuuuuuuuuuuuuuuuuuuuuuuuuuuuuuuuuuuuuuu', 'Todo', NULL, 1702845383, 1681328183, 0, 1),
(6, 'teeees', 'Lorem ipsum dolor sit amet, consectetur adipiscing elit, sed do eiusmod tempor incididunt ut labore et dolore magna aliqua. Id eu nisl nunc mi ipsum faucibus vitae. Sagittis nisl rhoncus mattis rhoncus urna. Penatibus et magnis dis parturient montes nascetur ridiculus. Ut porttitor leo a diam sollicitudin tempor. A pellentesque sit amet porttitor eget dolor morbi non arcu. Aliquam ultrices sagittis orci a. Ullamcorper eget nulla facilisi etiam dignissim diam quis enim. Nulla facilisi morbi tempus iaculis urna id volutpat lacus laoreet. Consequat mauris nunc congue nisi vitae suscipit tellus mauris a. Purus in mollis nunc sed id semper risus in hendrerit.&#13;&#10;&#13;&#10;Molestie nunc non blandit massa. Volutpat maecenas volutpat blandit aliquam etiam. Venenatis lectus magna fringilla urna porttitor. Tempor commodo ullamcorper a lacus vestibulum sed arcu. Non curabitur gravida arcu ac tortor dignissim. Amet est placerat in egestas erat imperdiet sed euismod nisi. In vitae turpis massa sed elementum tempus. Aliquet risus feugiat in ante metus dictum at tempor commodo. Cursus mattis molestie a iaculis at erat pellentesque adipiscing commodo. Porta lorem mollis aliquam ut porttitor leo. Nibh ipsum consequat nisl vel pretium lectus. Faucibus turpis in eu mi.&#13;&#10;&#13;&#10;Tempor commodo ullamcorper a lacus vestibulum sed arcu. Risus at ultrices mi tempus. Non blandit massa enim nec dui. Commodo odio aenean sed adipiscing diam donec. Amet consectetur adipiscing elit ut aliquam purus sit amet. Volutpat lacus laoreet non curabitur gravida arcu. Amet porttitor eget dolor morbi non arcu risus quis varius. Morbi tempus iaculis urna id volutpat lacus laoreet non. Mattis enim ut tellus elementum sagittis vitae. Sodales ut etiam sit amet. Lobortis mattis aliquam faucibus purus in massa. Neque viverra justo nec ultrices dui sapien. Ut eu sem integer vitae justo eget magna fermentum. Fusce id velit ut tortor pretium viverra. Quam lacus suspendisse faucibus interdum posuere lorem ipsum dolor sit. Sit amet justo donec enim diam.&#13;&#10;&#13;&#10;Enim sed faucibus turpis in eu mi bibendum. Urna molestie at elementum eu. Mattis nunc sed blandit libero volutpat sed cras ornare. Dui id ornare arcu odio ut sem nulla. Nunc congue nisi vitae suscipit tellus mauris. Risus ultricies tristique nulla aliquet enim tortor. Magna ac placerat vestibulum lectus mauris. Faucibus et molestie ac feugiat sed. Id cursus metus aliquam eleifend mi in. Odio ut sem nulla pharetra diam sit amet nisl. Cursus sit amet dictum sit amet justo donec enim diam. In eu mi bibendum neque egestas congue. Massa sed elementum tempus egestas sed sed. Mus mauris vitae ultricies leo integer malesuada. Est lorem ipsum dolor sit amet. Habitasse platea dictumst quisque sagittis purus sit amet.&#13;&#10;&#13;&#10;Tempus urna et pharetra pharetra massa. In hac habitasse platea dictumst quisque sagittis purus sit. Ut faucibus pulvinar elementum integer. Tincidunt praesent semper feugiat nibh sed pulvinar proin gravida. Neque sodales ut etiam sit. Rhoncus urna neque viverra justo nec. Arcu cursus euismod quis viverra nibh cras pulvinar mattis nunc. Nullam vehicula ipsum a arcu. Duis ultricies lacus sed turpis tincidunt id aliquet risus. Massa eget egestas purus viverra accumsan in nisl nisi.&#13;&#10;&#13;&#10;Massa eget egestas purus viverra accumsan in. Massa tincidunt dui ut ornare. Magna etiam tempor orci eu lobortis elementum nibh. Nibh sit amet commodo nulla facilisi nullam vehicula ipsum a. In hac habitasse platea dictumst vestibulum rhoncus est pellentesque elit. Auctor augue mauris augue neque. Imperdiet proin fermentum leo vel orci porta non pulvinar neque. Lectus vestibulum mattis ullamcorper velit sed. Luctus venenatis lectus magna fringilla urna porttitor rhoncus. Neque laoreet suspendisse interdum consectetur libero id faucibus nisl tincidunt. Vestibulum sed arcu non odio euismod lacinia at quis risus. A lacus vestibulum sed arcu. Eget nulla facilisi etiam dignissim diam quis enim lobortis scelerisque. Nisi scelerisque eu ultrices vitae. Eu tincidunt tortor aliquam nulla facilisi cras. Euismod quis viverra nibh cras pulvinar. Gravida dictum fusce ut placerat orci nulla pellentesque.&#13;&#10;&#13;&#10;Morbi blandit cursus risus at ultrices. Ut ornare lectus sit amet est placerat. Cras tincidunt lobortis feugiat vivamus at augue eget arcu. Et malesuada fames ac turpis egestas integer. Eu scelerisque felis imperdiet proin fermentum. Purus faucibus ornare suspendisse sed. Nullam eget felis eget nunc lobortis. Enim nunc faucibus a pellentesque sit amet porttitor eget dolor. Blandit turpis cursus in hac habitasse platea. Ante in nibh mauris cursus mattis. Eget aliquet nibh praesent tristique magna sit amet. Hac habitasse platea dictumst vestibulum rhoncus est pellentesque. Condimentum lacinia quis vel eros donec ac. Nisl purus in mollis nunc sed id. Tristique et egestas quis ipsum suspendisse ultrices. Ultrices neque ornare aenean euismod elementum nisi quis eleifend quam. Ut morbi tincidunt augue interdum. Diam maecenas ultricies mi eget mauris pharetra et ultrices. Est lorem ipsum dolor sit amet consectetur adipiscing.&#13;&#10;&#13;&#10;Tempus iaculis urna id volutpat lacus laoreet non. Purus sit amet volutpat consequat mauris nunc congue nisi vitae. Ultrices vitae auctor eu augue. Molestie ac feugiat sed lectus. Arcu dui vivamus arcu felis bibendum ut tristique et egestas. Cursus metus aliquam eleifend mi in nulla posuere sollicitudin. Malesuada fames ac turpis egestas maecenas. Sit amet nisl suscipit adipiscing bibendum est. Orci porta non pulvinar neque laoreet suspendisse interdum consectetur libero. Facilisis sed odio morbi quis commodo odio aenean sed. Faucibus pulvinar elementum integer enim neque. Et netus et malesuada fames. Purus semper eget duis at tellus at urna condimentum. Proin sed libero enim sed faucibus turpis in eu. Amet porttitor eget dolor morbi. Enim sed faucibus turpis in eu mi bibendum. Vitae proin sagittis nisl rhoncus mattis rhoncus urna neque.&#13;&#10;&#13;&#10;Sit amet dictum sit amet justo donec enim diam. Ac tincidunt vitae semper quis lectus nulla at volutpat. Nascetur ridiculus mus mauris vitae. Pretium viverra suspendisse potenti nullam ac tortor vitae. Pellentesque sit amet porttitor eget dolor morbi non arcu. Platea dictumst vestibulum rhoncus est pellentesque elit ullamcorper. Ultricies lacus sed turpis tincidunt id aliquet risus feugiat in. Tellus rutrum tellus pellentesque eu tincidunt tortor. Eget duis at tellus at. Ut etiam sit amet nisl purus in mollis nunc. Ullamcorper malesuada proin libero nunc consequat interdum. Amet cursus sit amet dictum sit amet. Gravida cum sociis natoque penatibus et magnis. Lacus sed turpis tincidunt id aliquet risus. Lectus quam id leo in vitae turpis massa. Consectetur adipiscing elit ut aliquam purus sit. Nec ullamcorper sit amet risus nullam eget felis eget nunc. Vel turpis nunc eget lorem.&#13;&#10;&#13;&#10;A arcu cursus vitae congue mauris rhoncus aenean vel elit. Egestas integer eget aliquet nibh praesent tristique magna sit amet. In nibh mauris cursus mattis molestie a. Amet dictum sit amet justo. Ullamcorper eget nulla facilisi etiam dignissim diam. Quam adipiscing vitae proin sagittis nisl rhoncus mattis. Nulla porttitor massa id neque aliquam vestibulum. Ultrices eros in cursus turpis massa tincidunt dui. Donec massa sapien faucibus et molestie ac feugiat sed lectus. Tincidunt arcu non sodales neque.&#13;&#10;&#13;&#10;Id donec ultrices tincidunt arcu non sodales neque sodales. Eleifend donec pretium vulputate sapien. Etiam tempor orci eu lobortis. Viverra ipsum nunc aliquet bibendum enim facilisis gravida neque convallis. Malesuada nunc vel risus commodo viverra maecenas accumsan lacus vel. Ut aliquam purus sit amet luctus venenatis. In metus vulputate eu scelerisque felis imperdiet proin fermentum leo. Tellus molestie nunc non blandit. Egestas pretium aenean pharetra magna ac placerat. Sit amet cursus sit amet dictum sit amet justo. Etiam sit amet nisl purus in mollis.&#13;&#10;&#13;&#10;Egestas egestas fringilla phasellus faucibus scelerisque eleifend donec pretium vulputate. Egestas sed sed risus pretium quam vulputate dignissim. Viverra accumsan in nisl nisi. Rhoncus est pellentesque elit ullamcorper dignissim cras tincidunt lobortis feugiat. Diam phasellus vestibulum lorem sed risus ultricies tristique. Odio ut sem nulla pharetra diam sit amet nisl suscipit. Metus aliquam eleifend mi in nulla posuere. Risus viverra adipiscing at in tellus integer. Lacus sed turpis tincidunt id aliquet risus feugiat in. Amet facilisis magna etiam tempor. Pellentesque habitant morbi tristique senectus et. Nec ullamcorper sit amet risus nullam eget felis eget nunc. Etiam tempor orci eu lobortis elementum nibh tellus. Eget est lorem ipsum dolor sit amet. Penatibus et magnis dis parturient montes nascetur. Eget gravida cum sociis natoque penatibus. Turpis egestas pretium aenean pharetra. At quis risus sed vulputate odio ut enim. Lorem sed risus ultricies tristique nulla aliquet enim tortor. Lacus laoreet non curabitur gravida arcu ac.&#13;&#10;&#13;&#10;Enim neque volutpat ac tincidunt. Neque convallis a cras semper auctor neque vitae tempus. Scelerisque mauris pellentesque pulvinar pellentesque habitant. Est sit amet facilisis magna etiam tempor orci eu lobortis. Vitae purus faucibus ornare suspendisse sed nisi lacus. Odio ut sem nulla pharetra diam sit amet nisl suscipit. Mattis nunc sed blandit libero volutpat sed cras ornare. Arcu bibendum at varius vel pharetra vel turpis nunc eget. Ultrices tincidunt arcu non sodales neque sodales ut etiam. Urna cursus eget nunc scelerisque viverra mauris in aliquam sem. Accumsan tortor posuere ac ut consequat semper viverra nam. Feugiat in ante metus dictum at. Elit ullamcorper dignissim cras tincidunt.&#13;&#10;&#13;&#10;Nunc sed id semper risus in hendrerit gravida rutrum. Orci ac auctor augue mauris augue neque gravida in fermentum. Purus viverra accumsan in nisl nisi. Orci eu lobortis elementum nibh tellus molestie nunc non. Vel orci porta non pulvinar neque laoreet suspendisse interdum. Commodo nulla facilisi nullam vehicula ipsum a arcu cursus vitae. Commodo viverra maecenas accumsan lacus vel facilisis volutpat. Eu turpis egestas pretium aenean pharetra magna ac. Pharetra diam sit amet nisl suscipit adipiscing bibendum est ultricies. Sit amet commodo nulla facilisi nullam vehicula ipsum. Venenatis lectus magna fringilla urna porttitor rhoncus dolor purus. Mattis enim ut tellus elementum sagittis vitae et leo. Mollis aliquam ut porttitor leo a diam sollicitudin tempor id. Molestie ac feugiat sed lectus vestibulum mattis ullamcorper velit. Non pulvinar neque laoreet suspendisse interdum consectetur libero id. Nibh sit amet commodo nulla facilisi nullam vehicula. Praesent semper feugiat nibh sed. Sagittis orci a scelerisque purus semper eget duis at tellus.&#13;&#10;&#13;&#10;Malesuada fames ac turpis egestas. Rhoncus aenean vel elit scelerisque mauris pellentesque pulvinar pellentesque habitant. At augue eget arcu dictum varius duis. Montes nascetur ridiculus mus mauris vitae. Imperdiet nulla malesuada pellentesque elit. Bibendum enim facilisis gravida neque convallis. Tincidunt praesent semper feugiat nibh. Posuere lorem ipsum dolor sit. Auctor augue mauris augue neque gravida in fermentum. Dolor sit amet consectetur adipiscing. Posuere sollicitudin aliquam ultrices sagittis orci a scelerisque. Amet cursus sit amet dictum sit amet justo donec.&#13;&#10;&#13;&#10;Molestie ac feugiat sed lectus vestibulum mattis ullamcorper. Ut diam quam nulla porttitor massa id neque aliquam. Semper auctor neque vitae tempus quam. Vulputate sapien nec sagittis aliquam malesuada. Posuere urna nec tincidunt praesent semper feugiat nibh sed. Hendrerit gravida rutrum quisque non tellus orci. Volutpat blandit aliquam etiam erat. Posuere lorem ipsum dolor sit. Rutrum tellus pellentesque eu tincidunt tortor aliquam nulla facilisi cras. In nulla posuere sollicitudin aliquam ultrices sagittis orci. Quis varius quam quisque id diam. Sagittis aliquam malesuada bibendum arcu. Duis convallis convallis tellus id interdum velit. Dignissim diam quis enim lobortis scelerisque fermentum. Mauris sit amet massa vitae. Maecenas sed enim ut sem viverra aliquet eget sit. Aliquam id diam maecenas ultricies mi eget mauris pharetra et. Sed libero enim sed faucibus. Velit scelerisque in dictum non consectetur. Viverra ipsum nunc aliquet bibendum enim facilisis.&#13;&#10;&#13;&#10;Ut tellus elementum sagittis vitae et leo. Nulla facilisi etiam dignissim diam quis. Quam quisque id diam vel quam elementum pulvinar etiam non. Tellus rutrum tellus pellentesque eu. Volutpat sed cras ornare arcu dui vivamus arcu felis bibendum. Ipsum suspendisse ultrices gravida dictum fusce ut placerat orci. Sit amet facilisis magna etiam. Elit scelerisque mauris pellentesque pulvinar pellentesque habitant morbi. Eu volutpat odio facilisis mauris sit amet. Id venenatis a condimentum vitae. Condimentum lacinia quis vel eros donec ac odio tempor. Habitasse platea dictumst quisque sagittis purus sit amet. Sem fringilla ut morbi tincidunt augue interdum velit euismod. Nisi scelerisque eu ultrices vitae. Eget egestas purus viverra accumsan in nisl nisi scelerisque. Tempor commodo ullamcorper a lacus. Blandit cursus risus at ultrices mi tempus imperdiet nulla.&#13;&#10;&#13;&#10;Id aliquet risus feugiat in ante metus dictum at. Nibh cras pulvinar mattis nunc sed blandit libero volutpat. Proin libero nunc consequat interdum varius sit amet mattis vulputate. Dignissim diam quis enim lobortis scelerisque fermentum dui faucibus in. Volutpat sed cras ornare arcu dui vivamus. Eu nisl nunc mi ipsum. Tortor dignissim convallis aenean et tortor at risus viverra adipiscing. Semper risus in hendrerit gravida rutrum quisque non. Sed turpis tincidunt id aliquet. Blandit aliquam etiam erat velit scelerisque. In vitae turpis massa sed elementum tempus egestas. Elementum integer enim neque volutpat ac. Sagittis vitae et leo duis.&#13;&#10;&#13;&#10;Tincidunt augue interdum velit euismod in pellentesque. Eu facilisis sed odio morbi quis commodo odio. Tristique risus nec feugiat in fermentum posuere urna. Egestas diam in arcu cursus euismod quis viverra nibh cras. Tristique senectus et netus et malesuada fames ac. Viverra aliquet eget sit amet. Nulla facilisi etiam dignissim diam. Sit amet facilisis magna etiam tempor orci eu. Massa ultricies mi quis hendrerit dolor magna eget est. Sagittis nisl rhoncus mattis rhoncus urna neque viverra. Egestas tellus rutrum tellus pellentesque eu. Nunc mi ipsum faucibus vitae aliquet nec ullamcorper. Interdum varius sit amet mattis vulputate enim nulla. Risus ultricies tristique nulla aliquet enim tortor. Felis donec et odio pellentesque diam volutpat commodo. Consectetur purus ut faucibus pulvinar.&#13;&#10;&#13;&#10;Lectus sit amet est placerat in egestas. Duis convallis convallis tellus id interdum velit laoreet id. Aliquam ultrices sagittis orci a scelerisque purus semper eget. Odio euismod lacinia at quis risus sed vulputate. Nibh nisl condimentum id venenatis a condimentum vitae sapien. A arcu cursus vitae congue mauris rhoncus aenean vel elit. Felis bibendum ut tristique et egestas. Mattis ullamcorper velit sed ullamcorper morbi tincidunt. Sagittis aliquam malesuada bibendum arcu vitae elementum curabitur vitae. Vestibulum sed arcu non odio. Pulvinar sapien et ligula ullamcorper malesuada proin libero. Egestas egestas fringilla phasellus faucibus scelerisque eleifend donec. Ac auctor augue mauris augue neque gravida.', 'Todo', 'normal', 1702846557, 1744401357, 0, 1),
(7, 'test 4', 'Lorem ipsum dolor sit amet, consectetur adipiscing elit, sed do eiusmod tempor incididunt ut labore et dolore magna aliqua. Id eu nisl nunc mi ipsum faucibus vitae. Sagittis nisl rhoncus mattis rhoncus urna. Penatibus et magnis dis parturient montes nascetur ridiculus. Ut porttitor leo a diam sollicitudin tempor. A pellentesque sit amet porttitor eget dolor morbi non arcu. Aliquam ultrices sagittis orci a. Ullamcorper eget nulla facilisi etiam dignissim diam quis enim. Nulla facilisi morbi tempus iaculis urna id volutpat lacus laoreet. Consequat mauris nunc congue nisi vitae suscipit tellus mauris a. Purus in mollis nunc sed id semper risus in hendrerit.&#13;&#10;&#13;&#10;Molestie nunc non blandit massa. Volutpat maecenas volutpat blandit aliquam etiam. Venenatis lectus magna fringilla urna porttitor. Tempor commodo ullamcorper a lacus vestibulum sed arcu. Non curabitur gravida arcu ac tortor dignissim. Amet est placerat in egestas erat imperdiet sed euismod nisi. In vitae turpis massa sed elementum tempus. Aliquet risus feugiat in ante metus dictum at tempor commodo. Cursus mattis molestie a iaculis at erat pellentesque adipiscing commodo. Porta lorem mollis aliquam ut porttitor leo. Nibh ipsum consequat nisl vel pretium lectus. Faucibus turpis in eu mi.&#13;&#10;&#13;&#10;Tempor commodo ullamcorper a lacus vestibulum sed arcu. Risus at ultrices mi tempus. Non blandit massa enim nec dui. Commodo odio aenean sed adipiscing diam donec. Amet consectetur adipiscing elit ut aliquam purus sit amet. Volutpat lacus laoreet non curabitur gravida arcu. Amet porttitor eget dolor morbi non arcu risus quis varius. Morbi tempus iaculis urna id volutpat lacus laoreet non. Mattis enim ut tellus elementum sagittis vitae. Sodales ut etiam sit amet. Lobortis mattis aliquam faucibus purus in massa. Neque viverra justo nec ultrices dui sapien. Ut eu sem integer vitae justo eget magna fermentum. Fusce id velit ut tortor pretium viverra. Quam lacus suspendisse faucibus interdum posuere lorem ipsum dolor sit. Sit amet justo donec enim diam.&#13;&#10;&#13;&#10;Enim sed faucibus turpis in eu mi bibendum. Urna molestie at elementum eu. Mattis nunc sed blandit libero volutpat sed cras ornare. Dui id ornare arcu odio ut sem nulla. Nunc congue nisi vitae suscipit tellus mauris. Risus ultricies tristique nulla aliquet enim tortor. Magna ac placerat vestibulum lectus mauris. Faucibus et molestie ac feugiat sed. Id cursus metus aliquam eleifend mi in. Odio ut sem nulla pharetra diam sit amet nisl. Cursus sit amet dictum sit amet justo donec enim diam. In eu mi bibendum neque egestas congue. Massa sed elementum tempus egestas sed sed. Mus mauris vitae ultricies leo integer malesuada. Est lorem ipsum dolor sit amet. Habitasse platea dictumst quisque sagittis purus sit amet.&#13;&#10;&#13;&#10;Tempus urna et pharetra pharetra massa. In hac habitasse platea dictumst quisque sagittis purus sit. Ut faucibus pulvinar elementum integer. Tincidunt praesent semper feugiat nibh sed pulvinar proin gravida. Neque sodales ut etiam sit. Rhoncus urna neque viverra justo nec. Arcu cursus euismod quis viverra nibh cras pulvinar mattis nunc. Nullam vehicula ipsum a arcu. Duis ultricies lacus sed turpis tincidunt id aliquet risus. Massa eget egestas purus viverra accumsan in nisl nisi.&#13;&#10;&#13;&#10;Massa eget egestas purus viverra accumsan in. Massa tincidunt dui ut ornare. Magna etiam tempor orci eu lobortis elementum nibh. Nibh sit amet commodo nulla facilisi nullam vehicula ipsum a. In hac habitasse platea dictumst vestibulum rhoncus est pellentesque elit. Auctor augue mauris augue neque. Imperdiet proin fermentum leo vel orci porta non pulvinar neque. Lectus vestibulum mattis ullamcorper velit sed. Luctus venenatis lectus magna fringilla urna porttitor rhoncus. Neque laoreet suspendisse interdum consectetur libero id faucibus nisl tincidunt. Vestibulum sed arcu non odio euismod lacinia at quis risus. A lacus vestibulum sed arcu. Eget nulla facilisi etiam dignissim diam quis enim lobortis scelerisque. Nisi scelerisque eu ultrices vitae. Eu tincidunt tortor aliquam nulla facilisi cras. Euismod quis viverra nibh cras pulvinar. Gravida dictum fusce ut placerat orci nulla pellentesque.&#13;&#10;&#13;&#10;Morbi blandit cursus risus at ultrices. Ut ornare lectus sit amet est placerat. Cras tincidunt lobortis feugiat vivamus at augue eget arcu. Et malesuada fames ac turpis egestas integer. Eu scelerisque felis imperdiet proin fermentum. Purus faucibus ornare suspendisse sed. Nullam eget felis eget nunc lobortis. Enim nunc faucibus a pellentesque sit amet porttitor eget dolor. Blandit turpis cursus in hac habitasse platea. Ante in nibh mauris cursus mattis. Eget aliquet nibh praesent tristique magna sit amet. Hac habitasse platea dictumst vestibulum rhoncus est pellentesque. Condimentum lacinia quis vel eros donec ac. Nisl purus in mollis nunc sed id. Tristique et egestas quis ipsum suspendisse ultrices. Ultrices neque ornare aenean euismod elementum nisi quis eleifend quam. Ut morbi tincidunt augue interdum. Diam maecenas ultricies mi eget mauris pharetra et ultrices. Est lorem ipsum dolor sit amet consectetur adipiscing.&#13;&#10;&#13;&#10;Tempus iaculis urna id volutpat lacus laoreet non. Purus sit amet volutpat consequat mauris nunc congue nisi vitae. Ultrices vitae auctor eu augue. Molestie ac feugiat sed lectus. Arcu dui vivamus arcu felis bibendum ut tristique et egestas. Cursus metus aliquam eleifend mi in nulla posuere sollicitudin. Malesuada fames ac turpis egestas maecenas. Sit amet nisl suscipit adipiscing bibendum est. Orci porta non pulvinar neque laoreet suspendisse interdum consectetur libero. Facilisis sed odio morbi quis commodo odio aenean sed. Faucibus pulvinar elementum integer enim neque. Et netus et malesuada fames. Purus semper eget duis at tellus at urna condimentum. Proin sed libero enim sed faucibus turpis in eu. Amet porttitor eget dolor morbi. Enim sed faucibus turpis in eu mi bibendum. Vitae proin sagittis nisl rhoncus mattis rhoncus urna neque.&#13;&#10;&#13;&#10;Sit amet dictum sit amet justo donec enim diam. Ac tincidunt vitae semper quis lectus nulla at volutpat. Nascetur ridiculus mus mauris vitae. Pretium viverra suspendisse potenti nullam ac tortor vitae. Pellentesque sit amet porttitor eget dolor morbi non arcu. Platea dictumst vestibulum rhoncus est pellentesque elit ullamcorper. Ultricies lacus sed turpis tincidunt id aliquet risus feugiat in. Tellus rutrum tellus pellentesque eu tincidunt tortor. Eget duis at tellus at. Ut etiam sit amet nisl purus in mollis nunc. Ullamcorper malesuada proin libero nunc consequat interdum. Amet cursus sit amet dictum sit amet. Gravida cum sociis natoque penatibus et magnis. Lacus sed turpis tincidunt id aliquet risus. Lectus quam id leo in vitae turpis massa. Consectetur adipiscing elit ut aliquam purus sit. Nec ullamcorper sit amet risus nullam eget felis eget nunc. Vel turpis nunc eget lorem.&#13;&#10;&#13;&#10;A arcu cursus vitae congue mauris rhoncus aenean vel elit. Egestas integer eget aliquet nibh praesent tristique magna sit amet. In nibh mauris cursus mattis molestie a. Amet dictum sit amet justo. Ullamcorper eget nulla facilisi etiam dignissim diam. Quam adipiscing vitae proin sagittis nisl rhoncus mattis. Nulla porttitor massa id neque aliquam vestibulum. Ultrices eros in cursus turpis massa tincidunt dui. Donec massa sapien faucibus et molestie ac feugiat sed lectus. Tincidunt arcu non sodales neque.&#13;&#10;&#13;&#10;Id donec ultrices tincidunt arcu non sodales neque sodales. Eleifend donec pretium vulputate sapien. Etiam tempor orci eu lobortis. Viverra ipsum nunc aliquet bibendum enim facilisis gravida neque convallis. Malesuada nunc vel risus commodo viverra maecenas accumsan lacus vel. Ut aliquam purus sit amet luctus venenatis. In metus vulputate eu scelerisque felis imperdiet proin fermentum leo. Tellus molestie nunc non blandit. Egestas pretium aenean pharetra magna ac placerat. Sit amet cursus sit amet dictum sit amet justo. Etiam sit amet nisl purus in mollis.&#13;&#10;&#13;&#10;Egestas egestas fringilla phasellus faucibus scelerisque eleifend donec pretium vulputate. Egestas sed sed risus pretium quam vulputate dignissim. Viverra accumsan in nisl nisi. Rhoncus est pellentesque elit ullamcorper dignissim cras tincidunt lobortis feugiat. Diam phasellus vestibulum lorem sed risus ultricies tristique. Odio ut sem nulla pharetra diam sit amet nisl suscipit. Metus aliquam eleifend mi in nulla posuere. Risus viverra adipiscing at in tellus integer. Lacus sed turpis tincidunt id aliquet risus feugiat in. Amet facilisis magna etiam tempor. Pellentesque habitant morbi tristique senectus et. Nec ullamcorper sit amet risus nullam eget felis eget nunc. Etiam tempor orci eu lobortis elementum nibh tellus. Eget est lorem ipsum dolor sit amet. Penatibus et magnis dis parturient montes nascetur. Eget gravida cum sociis natoque penatibus. Turpis egestas pretium aenean pharetra. At quis risus sed vulputate odio ut enim. Lorem sed risus ultricies tristique nulla aliquet enim tortor. Lacus laoreet non curabitur gravida arcu ac.&#13;&#10;&#13;&#10;Enim neque volutpat ac tincidunt. Neque convallis a cras semper auctor neque vitae tempus. Scelerisque mauris pellentesque pulvinar pellentesque habitant. Est sit amet facilisis magna etiam tempor orci eu lobortis. Vitae purus faucibus ornare suspendisse sed nisi lacus. Odio ut sem nulla pharetra diam sit amet nisl suscipit. Mattis nunc sed blandit libero volutpat sed cras ornare. Arcu bibendum at varius vel pharetra vel turpis nunc eget. Ultrices tincidunt arcu non sodales neque sodales ut etiam. Urna cursus eget nunc scelerisque viverra mauris in aliquam sem. Accumsan tortor posuere ac ut consequat semper viverra nam. Feugiat in ante metus dictum at. Elit ullamcorper dignissim cras tincidunt.&#13;&#10;&#13;&#10;Nunc sed id semper risus in hendrerit gravida rutrum. Orci ac auctor augue mauris augue neque gravida in fermentum. Purus viverra accumsan in nisl nisi. Orci eu lobortis elementum nibh tellus molestie nunc non. Vel orci porta non pulvinar neque laoreet suspendisse interdum. Commodo nulla facilisi nullam vehicula ipsum a arcu cursus vitae. Commodo viverra maecenas accumsan lacus vel facilisis volutpat. Eu turpis egestas pretium aenean pharetra magna ac. Pharetra diam sit amet nisl suscipit adipiscing bibendum est ultricies. Sit amet commodo nulla facilisi nullam vehicula ipsum. Venenatis lectus magna fringilla urna porttitor rhoncus dolor purus. Mattis enim ut tellus elementum sagittis vitae et leo. Mollis aliquam ut porttitor leo a diam sollicitudin tempor id. Molestie ac feugiat sed lectus vestibulum mattis ullamcorper velit. Non pulvinar neque laoreet suspendisse interdum consectetur libero id. Nibh sit amet commodo nulla facilisi nullam vehicula. Praesent semper feugiat nibh sed. Sagittis orci a scelerisque purus semper eget duis at tellus.&#13;&#10;&#13;&#10;Malesuada fames ac turpis egestas. Rhoncus aenean vel elit scelerisque mauris pellentesque pulvinar pellentesque habitant. At augue eget arcu dictum varius duis. Montes nascetur ridiculus mus mauris vitae. Imperdiet nulla malesuada pellentesque elit. Bibendum enim facilisis gravida neque convallis. Tincidunt praesent semper feugiat nibh. Posuere lorem ipsum dolor sit. Auctor augue mauris augue neque gravida in fermentum. Dolor sit amet consectetur adipiscing. Posuere sollicitudin aliquam ultrices sagittis orci a scelerisque. Amet cursus sit amet dictum sit amet justo donec.&#13;&#10;&#13;&#10;Molestie ac feugiat sed lectus vestibulum mattis ullamcorper. Ut diam quam nulla porttitor massa id neque aliquam. Semper auctor neque vitae tempus quam. Vulputate sapien nec sagittis aliquam malesuada. Posuere urna nec tincidunt praesent semper feugiat nibh sed. Hendrerit gravida rutrum quisque non tellus orci. Volutpat blandit aliquam etiam erat. Posuere lorem ipsum dolor sit. Rutrum tellus pellentesque eu tincidunt tortor aliquam nulla facilisi cras. In nulla posuere sollicitudin aliquam ultrices sagittis orci. Quis varius quam quisque id diam. Sagittis aliquam malesuada bibendum arcu. Duis convallis convallis tellus id interdum velit. Dignissim diam quis enim lobortis scelerisque fermentum. Mauris sit amet massa vitae. Maecenas sed enim ut sem viverra aliquet eget sit. Aliquam id diam maecenas ultricies mi eget mauris pharetra et. Sed libero enim sed faucibus. Velit scelerisque in dictum non consectetur. Viverra ipsum nunc aliquet bibendum enim facilisis.&#13;&#10;&#13;&#10;Ut tellus elementum sagittis vitae et leo. Nulla facilisi etiam dignissim diam quis. Quam quisque id diam vel quam elementum pulvinar etiam non. Tellus rutrum tellus pellentesque eu. Volutpat sed cras ornare arcu dui vivamus arcu felis bibendum. Ipsum suspendisse ultrices gravida dictum fusce ut placerat orci. Sit amet facilisis magna etiam. Elit scelerisque mauris pellentesque pulvinar pellentesque habitant morbi. Eu volutpat odio facilisis mauris sit amet. Id venenatis a condimentum vitae. Condimentum lacinia quis vel eros donec ac odio tempor. Habitasse platea dictumst quisque sagittis purus sit amet. Sem fringilla ut morbi tincidunt augue interdum velit euismod. Nisi scelerisque eu ultrices vitae. Eget egestas purus viverra accumsan in nisl nisi scelerisque. Tempor commodo ullamcorper a lacus. Blandit cursus risus at ultrices mi tempus imperdiet nulla.&#13;&#10;&#13;&#10;Id aliquet risus feugiat in ante metus dictum at. Nibh cras pulvinar mattis nunc sed blandit libero volutpat. Proin libero nunc consequat interdum varius sit amet mattis vulputate. Dignissim diam quis enim lobortis scelerisque fermentum dui faucibus in. Volutpat sed cras ornare arcu dui vivamus. Eu nisl nunc mi ipsum. Tortor dignissim convallis aenean et tortor at risus viverra adipiscing. Semper risus in hendrerit gravida rutrum quisque non. Sed turpis tincidunt id aliquet. Blandit aliquam etiam erat velit scelerisque. In vitae turpis massa sed elementum tempus egestas. Elementum integer enim neque volutpat ac. Sagittis vitae et leo duis.&#13;&#10;&#13;&#10;Tincidunt augue interdum velit euismod in pellentesque. Eu facilisis sed odio morbi quis commodo odio. Tristique risus nec feugiat in fermentum posuere urna. Egestas diam in arcu cursus euismod quis viverra nibh cras. Tristique senectus et netus et malesuada fames ac. Viverra aliquet eget sit amet. Nulla facilisi etiam dignissim diam. Sit amet facilisis magna etiam tempor orci eu. Massa ultricies mi quis hendrerit dolor magna eget est. Sagittis nisl rhoncus mattis rhoncus urna neque viverra. Egestas tellus rutrum tellus pellentesque eu. Nunc mi ipsum faucibus vitae aliquet nec ullamcorper. Interdum varius sit amet mattis vulputate enim nulla. Risus ultricies tristique nulla aliquet enim tortor. Felis donec et odio pellentesque diam volutpat commodo. Consectetur purus ut faucibus pulvinar.&#13;&#10;&#13;&#10;Lectus sit amet est placerat in egestas. Duis convallis convallis tellus id interdum velit laoreet id. Aliquam ultrices sagittis orci a scelerisque purus semper eget. Odio euismod lacinia at quis risus sed vulputate. Nibh nisl condimentum id venenatis a condimentum vitae sapien. A arcu cursus vitae congue mauris rhoncus aenean vel elit. Felis bibendum ut tristique et egestas. Mattis ullamcorper velit sed ullamcorper morbi tincidunt. Sagittis aliquam malesuada bibendum arcu vitae elementum curabitur vitae. Vestibulum sed arcu non odio. Pulvinar sapien et ligula ullamcorper malesuada proin libero. Egestas egestas fringilla phasellus faucibus scelerisque eleifend donec. Ac auctor augue mauris augue neque gravida.', 'Todo', 'Closed', 1702847008, 1689192208, 0, 1);
INSERT INTO `ticket` (`ticket_id`, `subject`, `description`, `status`, `priority`, `date`, `deadline`, `is_deleted`, `user_id`) VALUES
(8, 'okay', 'Lorem ipsum dolor sit amet, consectetur adipiscing elit, sed do eiusmod tempor incididunt ut labore et dolore magna aliqua. Id eu nisl nunc mi ipsum faucibus vitae. Sagittis nisl rhoncus mattis rhoncus urna. Penatibus et magnis dis parturient montes nascetur ridiculus. Ut porttitor leo a diam sollicitudin tempor. A pellentesque sit amet porttitor eget dolor morbi non arcu. Aliquam ultrices sagittis orci a. Ullamcorper eget nulla facilisi etiam dignissim diam quis enim. Nulla facilisi morbi tempus iaculis urna id volutpat lacus laoreet. Consequat mauris nunc congue nisi vitae suscipit tellus mauris a. Purus in mollis nunc sed id semper risus in hendrerit.&#13;&#10;&#13;&#10;Molestie nunc non blandit massa. Volutpat maecenas volutpat blandit aliquam etiam. Venenatis lectus magna fringilla urna porttitor. Tempor commodo ullamcorper a lacus vestibulum sed arcu. Non curabitur gravida arcu ac tortor dignissim. Amet est placerat in egestas erat imperdiet sed euismod nisi. In vitae turpis massa sed elementum tempus. Aliquet risus feugiat in ante metus dictum at tempor commodo. Cursus mattis molestie a iaculis at erat pellentesque adipiscing commodo. Porta lorem mollis aliquam ut porttitor leo. Nibh ipsum consequat nisl vel pretium lectus. Faucibus turpis in eu mi.&#13;&#10;&#13;&#10;Tempor commodo ullamcorper a lacus vestibulum sed arcu. Risus at ultrices mi tempus. Non blandit massa enim nec dui. Commodo odio aenean sed adipiscing diam donec. Amet consectetur adipiscing elit ut aliquam purus sit amet. Volutpat lacus laoreet non curabitur gravida arcu. Amet porttitor eget dolor morbi non arcu risus quis varius. Morbi tempus iaculis urna id volutpat lacus laoreet non. Mattis enim ut tellus elementum sagittis vitae. Sodales ut etiam sit amet. Lobortis mattis aliquam faucibus purus in massa. Neque viverra justo nec ultrices dui sapien. Ut eu sem integer vitae justo eget magna fermentum. Fusce id velit ut tortor pretium viverra. Quam lacus suspendisse faucibus interdum posuere lorem ipsum dolor sit. Sit amet justo donec enim diam.&#13;&#10;&#13;&#10;Enim sed faucibus turpis in eu mi bibendum. Urna molestie at elementum eu. Mattis nunc sed blandit libero volutpat sed cras ornare. Dui id ornare arcu odio ut sem nulla. Nunc congue nisi vitae suscipit tellus mauris. Risus ultricies tristique nulla aliquet enim tortor. Magna ac placerat vestibulum lectus mauris. Faucibus et molestie ac feugiat sed. Id cursus metus aliquam eleifend mi in. Odio ut sem nulla pharetra diam sit amet nisl. Cursus sit amet dictum sit amet justo donec enim diam. In eu mi bibendum neque egestas congue. Massa sed elementum tempus egestas sed sed. Mus mauris vitae ultricies leo integer malesuada. Est lorem ipsum dolor sit amet. Habitasse platea dictumst quisque sagittis purus sit amet.&#13;&#10;&#13;&#10;Tempus urna et pharetra pharetra massa. In hac habitasse platea dictumst quisque sagittis purus sit. Ut faucibus pulvinar elementum integer. Tincidunt praesent semper feugiat nibh sed pulvinar proin gravida. Neque sodales ut etiam sit. Rhoncus urna neque viverra justo nec. Arcu cursus euismod quis viverra nibh cras pulvinar mattis nunc. Nullam vehicula ipsum a arcu. Duis ultricies lacus sed turpis tincidunt id aliquet risus. Massa eget egestas purus viverra accumsan in nisl nisi.&#13;&#10;&#13;&#10;Massa eget egestas purus viverra accumsan in. Massa tincidunt dui ut ornare. Magna etiam tempor orci eu lobortis elementum nibh. Nibh sit amet commodo nulla facilisi nullam vehicula ipsum a. In hac habitasse platea dictumst vestibulum rhoncus est pellentesque elit. Auctor augue mauris augue neque. Imperdiet proin fermentum leo vel orci porta non pulvinar neque. Lectus vestibulum mattis ullamcorper velit sed. Luctus venenatis lectus magna fringilla urna porttitor rhoncus. Neque laoreet suspendisse interdum consectetur libero id faucibus nisl tincidunt. Vestibulum sed arcu non odio euismod lacinia at quis risus. A lacus vestibulum sed arcu. Eget nulla facilisi etiam dignissim diam quis enim lobortis scelerisque. Nisi scelerisque eu ultrices vitae. Eu tincidunt tortor aliquam nulla facilisi cras. Euismod quis viverra nibh cras pulvinar. Gravida dictum fusce ut placerat orci nulla pellentesque.&#13;&#10;&#13;&#10;Morbi blandit cursus risus at ultrices. Ut ornare lectus sit amet est placerat. Cras tincidunt lobortis feugiat vivamus at augue eget arcu. Et malesuada fames ac turpis egestas integer. Eu scelerisque felis imperdiet proin fermentum. Purus faucibus ornare suspendisse sed. Nullam eget felis eget nunc lobortis. Enim nunc faucibus a pellentesque sit amet porttitor eget dolor. Blandit turpis cursus in hac habitasse platea. Ante in nibh mauris cursus mattis. Eget aliquet nibh praesent tristique magna sit amet. Hac habitasse platea dictumst vestibulum rhoncus est pellentesque. Condimentum lacinia quis vel eros donec ac. Nisl purus in mollis nunc sed id. Tristique et egestas quis ipsum suspendisse ultrices. Ultrices neque ornare aenean euismod elementum nisi quis eleifend quam. Ut morbi tincidunt augue interdum. Diam maecenas ultricies mi eget mauris pharetra et ultrices. Est lorem ipsum dolor sit amet consectetur adipiscing.&#13;&#10;&#13;&#10;Tempus iaculis urna id volutpat lacus laoreet non. Purus sit amet volutpat consequat mauris nunc congue nisi vitae. Ultrices vitae auctor eu augue. Molestie ac feugiat sed lectus. Arcu dui vivamus arcu felis bibendum ut tristique et egestas. Cursus metus aliquam eleifend mi in nulla posuere sollicitudin. Malesuada fames ac turpis egestas maecenas. Sit amet nisl suscipit adipiscing bibendum est. Orci porta non pulvinar neque laoreet suspendisse interdum consectetur libero. Facilisis sed odio morbi quis commodo odio aenean sed. Faucibus pulvinar elementum integer enim neque. Et netus et malesuada fames. Purus semper eget duis at tellus at urna condimentum. Proin sed libero enim sed faucibus turpis in eu. Amet porttitor eget dolor morbi. Enim sed faucibus turpis in eu mi bibendum. Vitae proin sagittis nisl rhoncus mattis rhoncus urna neque.&#13;&#10;&#13;&#10;Sit amet dictum sit amet justo donec enim diam. Ac tincidunt vitae semper quis lectus nulla at volutpat. Nascetur ridiculus mus mauris vitae. Pretium viverra suspendisse potenti nullam ac tortor vitae. Pellentesque sit amet porttitor eget dolor morbi non arcu. Platea dictumst vestibulum rhoncus est pellentesque elit ullamcorper. Ultricies lacus sed turpis tincidunt id aliquet risus feugiat in. Tellus rutrum tellus pellentesque eu tincidunt tortor. Eget duis at tellus at. Ut etiam sit amet nisl purus in mollis nunc. Ullamcorper malesuada proin libero nunc consequat interdum. Amet cursus sit amet dictum sit amet. Gravida cum sociis natoque penatibus et magnis. Lacus sed turpis tincidunt id aliquet risus. Lectus quam id leo in vitae turpis massa. Consectetur adipiscing elit ut aliquam purus sit. Nec ullamcorper sit amet risus nullam eget felis eget nunc. Vel turpis nunc eget lorem.&#13;&#10;&#13;&#10;A arcu cursus vitae congue mauris rhoncus aenean vel elit. Egestas integer eget aliquet nibh praesent tristique magna sit amet. In nibh mauris cursus mattis molestie a. Amet dictum sit amet justo. Ullamcorper eget nulla facilisi etiam dignissim diam. Quam adipiscing vitae proin sagittis nisl rhoncus mattis. Nulla porttitor massa id neque aliquam vestibulum. Ultrices eros in cursus turpis massa tincidunt dui. Donec massa sapien faucibus et molestie ac feugiat sed lectus. Tincidunt arcu non sodales neque.&#13;&#10;&#13;&#10;Id donec ultrices tincidunt arcu non sodales neque sodales. Eleifend donec pretium vulputate sapien. Etiam tempor orci eu lobortis. Viverra ipsum nunc aliquet bibendum enim facilisis gravida neque convallis. Malesuada nunc vel risus commodo viverra maecenas accumsan lacus vel. Ut aliquam purus sit amet luctus venenatis. In metus vulputate eu scelerisque felis imperdiet proin fermentum leo. Tellus molestie nunc non blandit. Egestas pretium aenean pharetra magna ac placerat. Sit amet cursus sit amet dictum sit amet justo. Etiam sit amet nisl purus in mollis.&#13;&#10;&#13;&#10;Egestas egestas fringilla phasellus faucibus scelerisque eleifend donec pretium vulputate. Egestas sed sed risus pretium quam vulputate dignissim. Viverra accumsan in nisl nisi. Rhoncus est pellentesque elit ullamcorper dignissim cras tincidunt lobortis feugiat. Diam phasellus vestibulum lorem sed risus ultricies tristique. Odio ut sem nulla pharetra diam sit amet nisl suscipit. Metus aliquam eleifend mi in nulla posuere. Risus viverra adipiscing at in tellus integer. Lacus sed turpis tincidunt id aliquet risus feugiat in. Amet facilisis magna etiam tempor. Pellentesque habitant morbi tristique senectus et. Nec ullamcorper sit amet risus nullam eget felis eget nunc. Etiam tempor orci eu lobortis elementum nibh tellus. Eget est lorem ipsum dolor sit amet. Penatibus et magnis dis parturient montes nascetur. Eget gravida cum sociis natoque penatibus. Turpis egestas pretium aenean pharetra. At quis risus sed vulputate odio ut enim. Lorem sed risus ultricies tristique nulla aliquet enim tortor. Lacus laoreet non curabitur gravida arcu ac.&#13;&#10;&#13;&#10;Enim neque volutpat ac tincidunt. Neque convallis a cras semper auctor neque vitae tempus. Scelerisque mauris pellentesque pulvinar pellentesque habitant. Est sit amet facilisis magna etiam tempor orci eu lobortis. Vitae purus faucibus ornare suspendisse sed nisi lacus. Odio ut sem nulla pharetra diam sit amet nisl suscipit. Mattis nunc sed blandit libero volutpat sed cras ornare. Arcu bibendum at varius vel pharetra vel turpis nunc eget. Ultrices tincidunt arcu non sodales neque sodales ut etiam. Urna cursus eget nunc scelerisque viverra mauris in aliquam sem. Accumsan tortor posuere ac ut consequat semper viverra nam. Feugiat in ante metus dictum at. Elit ullamcorper dignissim cras tincidunt.&#13;&#10;&#13;&#10;Nunc sed id semper risus in hendrerit gravida rutrum. Orci ac auctor augue mauris augue neque gravida in fermentum. Purus viverra accumsan in nisl nisi. Orci eu lobortis elementum nibh tellus molestie nunc non. Vel orci porta non pulvinar neque laoreet suspendisse interdum. Commodo nulla facilisi nullam vehicula ipsum a arcu cursus vitae. Commodo viverra maecenas accumsan lacus vel facilisis volutpat. Eu turpis egestas pretium aenean pharetra magna ac. Pharetra diam sit amet nisl suscipit adipiscing bibendum est ultricies. Sit amet commodo nulla facilisi nullam vehicula ipsum. Venenatis lectus magna fringilla urna porttitor rhoncus dolor purus. Mattis enim ut tellus elementum sagittis vitae et leo. Mollis aliquam ut porttitor leo a diam sollicitudin tempor id. Molestie ac feugiat sed lectus vestibulum mattis ullamcorper velit. Non pulvinar neque laoreet suspendisse interdum consectetur libero id. Nibh sit amet commodo nulla facilisi nullam vehicula. Praesent semper feugiat nibh sed. Sagittis orci a scelerisque purus semper eget duis at tellus.&#13;&#10;&#13;&#10;Malesuada fames ac turpis egestas. Rhoncus aenean vel elit scelerisque mauris pellentesque pulvinar pellentesque habitant. At augue eget arcu dictum varius duis. Montes nascetur ridiculus mus mauris vitae. Imperdiet nulla malesuada pellentesque elit. Bibendum enim facilisis gravida neque convallis. Tincidunt praesent semper feugiat nibh. Posuere lorem ipsum dolor sit. Auctor augue mauris augue neque gravida in fermentum. Dolor sit amet consectetur adipiscing. Posuere sollicitudin aliquam ultrices sagittis orci a scelerisque. Amet cursus sit amet dictum sit amet justo donec.&#13;&#10;&#13;&#10;Molestie ac feugiat sed lectus vestibulum mattis ullamcorper. Ut diam quam nulla porttitor massa id neque aliquam. Semper auctor neque vitae tempus quam. Vulputate sapien nec sagittis aliquam malesuada. Posuere urna nec tincidunt praesent semper feugiat nibh sed. Hendrerit gravida rutrum quisque non tellus orci. Volutpat blandit aliquam etiam erat. Posuere lorem ipsum dolor sit. Rutrum tellus pellentesque eu tincidunt tortor aliquam nulla facilisi cras. In nulla posuere sollicitudin aliquam ultrices sagittis orci. Quis varius quam quisque id diam. Sagittis aliquam malesuada bibendum arcu. Duis convallis convallis tellus id interdum velit. Dignissim diam quis enim lobortis scelerisque fermentum. Mauris sit amet massa vitae. Maecenas sed enim ut sem viverra aliquet eget sit. Aliquam id diam maecenas ultricies mi eget mauris pharetra et. Sed libero enim sed faucibus. Velit scelerisque in dictum non consectetur. Viverra ipsum nunc aliquet bibendum enim facilisis.&#13;&#10;&#13;&#10;Ut tellus elementum sagittis vitae et leo. Nulla facilisi etiam dignissim diam quis. Quam quisque id diam vel quam elementum pulvinar etiam non. Tellus rutrum tellus pellentesque eu. Volutpat sed cras ornare arcu dui vivamus arcu felis bibendum. Ipsum suspendisse ultrices gravida dictum fusce ut placerat orci. Sit amet facilisis magna etiam. Elit scelerisque mauris pellentesque pulvinar pellentesque habitant morbi. Eu volutpat odio facilisis mauris sit amet. Id venenatis a condimentum vitae. Condimentum lacinia quis vel eros donec ac odio tempor. Habitasse platea dictumst quisque sagittis purus sit amet. Sem fringilla ut morbi tincidunt augue interdum velit euismod. Nisi scelerisque eu ultrices vitae. Eget egestas purus viverra accumsan in nisl nisi scelerisque. Tempor commodo ullamcorper a lacus. Blandit cursus risus at ultrices mi tempus imperdiet nulla.&#13;&#10;&#13;&#10;Id aliquet risus feugiat in ante metus dictum at. Nibh cras pulvinar mattis nunc sed blandit libero volutpat. Proin libero nunc consequat interdum varius sit amet mattis vulputate. Dignissim diam quis enim lobortis scelerisque fermentum dui faucibus in. Volutpat sed cras ornare arcu dui vivamus. Eu nisl nunc mi ipsum. Tortor dignissim convallis aenean et tortor at risus viverra adipiscing. Semper risus in hendrerit gravida rutrum quisque non. Sed turpis tincidunt id aliquet. Blandit aliquam etiam erat velit scelerisque. In vitae turpis massa sed elementum tempus egestas. Elementum integer enim neque volutpat ac. Sagittis vitae et leo duis.&#13;&#10;&#13;&#10;Tincidunt augue interdum velit euismod in pellentesque. Eu facilisis sed odio morbi quis commodo odio. Tristique risus nec feugiat in fermentum posuere urna. Egestas diam in arcu cursus euismod quis viverra nibh cras. Tristique senectus et netus et malesuada fames ac. Viverra aliquet eget sit amet. Nulla facilisi etiam dignissim diam. Sit amet facilisis magna etiam tempor orci eu. Massa ultricies mi quis hendrerit dolor magna eget est. Sagittis nisl rhoncus mattis rhoncus urna neque viverra. Egestas tellus rutrum tellus pellentesque eu. Nunc mi ipsum faucibus vitae aliquet nec ullamcorper. Interdum varius sit amet mattis vulputate enim nulla. Risus ultricies tristique nulla aliquet enim tortor. Felis donec et odio pellentesque diam volutpat commodo. Consectetur purus ut faucibus pulvinar.&#13;&#10;&#13;&#10;Lectus sit amet est placerat in egestas. Duis convallis convallis tellus id interdum velit laoreet id. Aliquam ultrices sagittis orci a scelerisque purus semper eget. Odio euismod lacinia at quis risus sed vulputate. Nibh nisl condimentum id venenatis a condimentum vitae sapien. A arcu cursus vitae congue mauris rhoncus aenean vel elit. Felis bibendum ut tristique et egestas. Mattis ullamcorper velit sed ullamcorper morbi tincidunt. Sagittis aliquam malesuada bibendum arcu vitae elementum curabitur vitae. Vestibulum sed arcu non odio. Pulvinar sapien et ligula ullamcorper malesuada proin libero. Egestas egestas fringilla phasellus faucibus scelerisque eleifend donec. Ac auctor augue mauris augue neque gravida.', 'Resolved', 'Urgent', 1702847254, 1741727254, 0, 1),
(9, 'low', 'Lorem ipsum dolor sit amet, consectetur adipiscing elit, sed do eiusmod tempor incididunt ut labore et dolore magna aliqua. Id eu nisl nunc mi ipsum faucibus vitae. Sagittis nisl rhoncus mattis rhoncus urna. Penatibus et magnis dis parturient montes nascetur ridiculus. Ut porttitor leo a diam sollicitudin tempor. A pellentesque sit amet porttitor eget dolor morbi non arcu. Aliquam ultrices sagittis orci a. Ullamcorper eget nulla facilisi etiam dignissim diam quis enim. Nulla facilisi morbi tempus iaculis urna id volutpat lacus laoreet. Consequat mauris nunc congue nisi vitae suscipit tellus mauris a. Purus in mollis nunc sed id semper risus in hendrerit.&#13;&#10;&#13;&#10;Molestie nunc non blandit massa. Volutpat maecenas volutpat blandit aliquam etiam. Venenatis lectus magna fringilla urna porttitor. Tempor commodo ullamcorper a lacus vestibulum sed arcu. Non curabitur gravida arcu ac tortor dignissim. Amet est placerat in egestas erat imperdiet sed euismod nisi. In vitae turpis massa sed elementum tempus. Aliquet risus feugiat in ante metus dictum at tempor commodo. Cursus mattis molestie a iaculis at erat pellentesque adipiscing commodo. Porta lorem mollis aliquam ut porttitor leo. Nibh ipsum consequat nisl vel pretium lectus. Faucibus turpis in eu mi.&#13;&#10;&#13;&#10;Tempor commodo ullamcorper a lacus vestibulum sed arcu. Risus at ultrices mi tempus. Non blandit massa enim nec dui. Commodo odio aenean sed adipiscing diam donec. Amet consectetur adipiscing elit ut aliquam purus sit amet. Volutpat lacus laoreet non curabitur gravida arcu. Amet porttitor eget dolor morbi non arcu risus quis varius. Morbi tempus iaculis urna id volutpat lacus laoreet non. Mattis enim ut tellus elementum sagittis vitae. Sodales ut etiam sit amet. Lobortis mattis aliquam faucibus purus in massa. Neque viverra justo nec ultrices dui sapien. Ut eu sem integer vitae justo eget magna fermentum. Fusce id velit ut tortor pretium viverra. Quam lacus suspendisse faucibus interdum posuere lorem ipsum dolor sit. Sit amet justo donec enim diam.&#13;&#10;&#13;&#10;Enim sed faucibus turpis in eu mi bibendum. Urna molestie at elementum eu. Mattis nunc sed blandit libero volutpat sed cras ornare. Dui id ornare arcu odio ut sem nulla. Nunc congue nisi vitae suscipit tellus mauris. Risus ultricies tristique nulla aliquet enim tortor. Magna ac placerat vestibulum lectus mauris. Faucibus et molestie ac feugiat sed. Id cursus metus aliquam eleifend mi in. Odio ut sem nulla pharetra diam sit amet nisl. Cursus sit amet dictum sit amet justo donec enim diam. In eu mi bibendum neque egestas congue. Massa sed elementum tempus egestas sed sed. Mus mauris vitae ultricies leo integer malesuada. Est lorem ipsum dolor sit amet. Habitasse platea dictumst quisque sagittis purus sit amet.&#13;&#10;&#13;&#10;Tempus urna et pharetra pharetra massa. In hac habitasse platea dictumst quisque sagittis purus sit. Ut faucibus pulvinar elementum integer. Tincidunt praesent semper feugiat nibh sed pulvinar proin gravida. Neque sodales ut etiam sit. Rhoncus urna neque viverra justo nec. Arcu cursus euismod quis viverra nibh cras pulvinar mattis nunc. Nullam vehicula ipsum a arcu. Duis ultricies lacus sed turpis tincidunt id aliquet risus. Massa eget egestas purus viverra accumsan in nisl nisi.&#13;&#10;&#13;&#10;Massa eget egestas purus viverra accumsan in. Massa tincidunt dui ut ornare. Magna etiam tempor orci eu lobortis elementum nibh. Nibh sit amet commodo nulla facilisi nullam vehicula ipsum a. In hac habitasse platea dictumst vestibulum rhoncus est pellentesque elit. Auctor augue mauris augue neque. Imperdiet proin fermentum leo vel orci porta non pulvinar neque. Lectus vestibulum mattis ullamcorper velit sed. Luctus venenatis lectus magna fringilla urna porttitor rhoncus. Neque laoreet suspendisse interdum consectetur libero id faucibus nisl tincidunt. Vestibulum sed arcu non odio euismod lacinia at quis risus. A lacus vestibulum sed arcu. Eget nulla facilisi etiam dignissim diam quis enim lobortis scelerisque. Nisi scelerisque eu ultrices vitae. Eu tincidunt tortor aliquam nulla facilisi cras. Euismod quis viverra nibh cras pulvinar. Gravida dictum fusce ut placerat orci nulla pellentesque.&#13;&#10;&#13;&#10;Morbi blandit cursus risus at ultrices. Ut ornare lectus sit amet est placerat. Cras tincidunt lobortis feugiat vivamus at augue eget arcu. Et malesuada fames ac turpis egestas integer. Eu scelerisque felis imperdiet proin fermentum. Purus faucibus ornare suspendisse sed. Nullam eget felis eget nunc lobortis. Enim nunc faucibus a pellentesque sit amet porttitor eget dolor. Blandit turpis cursus in hac habitasse platea. Ante in nibh mauris cursus mattis. Eget aliquet nibh praesent tristique magna sit amet. Hac habitasse platea dictumst vestibulum rhoncus est pellentesque. Condimentum lacinia quis vel eros donec ac. Nisl purus in mollis nunc sed id. Tristique et egestas quis ipsum suspendisse ultrices. Ultrices neque ornare aenean euismod elementum nisi quis eleifend quam. Ut morbi tincidunt augue interdum. Diam maecenas ultricies mi eget mauris pharetra et ultrices. Est lorem ipsum dolor sit amet consectetur adipiscing.&#13;&#10;&#13;&#10;Tempus iaculis urna id volutpat lacus laoreet non. Purus sit amet volutpat consequat mauris nunc congue nisi vitae. Ultrices vitae auctor eu augue. Molestie ac feugiat sed lectus. Arcu dui vivamus arcu felis bibendum ut tristique et egestas. Cursus metus aliquam eleifend mi in nulla posuere sollicitudin. Malesuada fames ac turpis egestas maecenas. Sit amet nisl suscipit adipiscing bibendum est. Orci porta non pulvinar neque laoreet suspendisse interdum consectetur libero. Facilisis sed odio morbi quis commodo odio aenean sed. Faucibus pulvinar elementum integer enim neque. Et netus et malesuada fames. Purus semper eget duis at tellus at urna condimentum. Proin sed libero enim sed faucibus turpis in eu. Amet porttitor eget dolor morbi. Enim sed faucibus turpis in eu mi bibendum. Vitae proin sagittis nisl rhoncus mattis rhoncus urna neque.&#13;&#10;&#13;&#10;Sit amet dictum sit amet justo donec enim diam. Ac tincidunt vitae semper quis lectus nulla at volutpat. Nascetur ridiculus mus mauris vitae. Pretium viverra suspendisse potenti nullam ac tortor vitae. Pellentesque sit amet porttitor eget dolor morbi non arcu. Platea dictumst vestibulum rhoncus est pellentesque elit ullamcorper. Ultricies lacus sed turpis tincidunt id aliquet risus feugiat in. Tellus rutrum tellus pellentesque eu tincidunt tortor. Eget duis at tellus at. Ut etiam sit amet nisl purus in mollis nunc. Ullamcorper malesuada proin libero nunc consequat interdum. Amet cursus sit amet dictum sit amet. Gravida cum sociis natoque penatibus et magnis. Lacus sed turpis tincidunt id aliquet risus. Lectus quam id leo in vitae turpis massa. Consectetur adipiscing elit ut aliquam purus sit. Nec ullamcorper sit amet risus nullam eget felis eget nunc. Vel turpis nunc eget lorem.&#13;&#10;&#13;&#10;A arcu cursus vitae congue mauris rhoncus aenean vel elit. Egestas integer eget aliquet nibh praesent tristique magna sit amet. In nibh mauris cursus mattis molestie a. Amet dictum sit amet justo. Ullamcorper eget nulla facilisi etiam dignissim diam. Quam adipiscing vitae proin sagittis nisl rhoncus mattis. Nulla porttitor massa id neque aliquam vestibulum. Ultrices eros in cursus turpis massa tincidunt dui. Donec massa sapien faucibus et molestie ac feugiat sed lectus. Tincidunt arcu non sodales neque.&#13;&#10;&#13;&#10;Id donec ultrices tincidunt arcu non sodales neque sodales. Eleifend donec pretium vulputate sapien. Etiam tempor orci eu lobortis. Viverra ipsum nunc aliquet bibendum enim facilisis gravida neque convallis. Malesuada nunc vel risus commodo viverra maecenas accumsan lacus vel. Ut aliquam purus sit amet luctus venenatis. In metus vulputate eu scelerisque felis imperdiet proin fermentum leo. Tellus molestie nunc non blandit. Egestas pretium aenean pharetra magna ac placerat. Sit amet cursus sit amet dictum sit amet justo. Etiam sit amet nisl purus in mollis.&#13;&#10;&#13;&#10;Egestas egestas fringilla phasellus faucibus scelerisque eleifend donec pretium vulputate. Egestas sed sed risus pretium quam vulputate dignissim. Viverra accumsan in nisl nisi. Rhoncus est pellentesque elit ullamcorper dignissim cras tincidunt lobortis feugiat. Diam phasellus vestibulum lorem sed risus ultricies tristique. Odio ut sem nulla pharetra diam sit amet nisl suscipit. Metus aliquam eleifend mi in nulla posuere. Risus viverra adipiscing at in tellus integer. Lacus sed turpis tincidunt id aliquet risus feugiat in. Amet facilisis magna etiam tempor. Pellentesque habitant morbi tristique senectus et. Nec ullamcorper sit amet risus nullam eget felis eget nunc. Etiam tempor orci eu lobortis elementum nibh tellus. Eget est lorem ipsum dolor sit amet. Penatibus et magnis dis parturient montes nascetur. Eget gravida cum sociis natoque penatibus. Turpis egestas pretium aenean pharetra. At quis risus sed vulputate odio ut enim. Lorem sed risus ultricies tristique nulla aliquet enim tortor. Lacus laoreet non curabitur gravida arcu ac.&#13;&#10;&#13;&#10;Enim neque volutpat ac tincidunt. Neque convallis a cras semper auctor neque vitae tempus. Scelerisque mauris pellentesque pulvinar pellentesque habitant. Est sit amet facilisis magna etiam tempor orci eu lobortis. Vitae purus faucibus ornare suspendisse sed nisi lacus. Odio ut sem nulla pharetra diam sit amet nisl suscipit. Mattis nunc sed blandit libero volutpat sed cras ornare. Arcu bibendum at varius vel pharetra vel turpis nunc eget. Ultrices tincidunt arcu non sodales neque sodales ut etiam. Urna cursus eget nunc scelerisque viverra mauris in aliquam sem. Accumsan tortor posuere ac ut consequat semper viverra nam. Feugiat in ante metus dictum at. Elit ullamcorper dignissim cras tincidunt.&#13;&#10;&#13;&#10;Nunc sed id semper risus in hendrerit gravida rutrum. Orci ac auctor augue mauris augue neque gravida in fermentum. Purus viverra accumsan in nisl nisi. Orci eu lobortis elementum nibh tellus molestie nunc non. Vel orci porta non pulvinar neque laoreet suspendisse interdum. Commodo nulla facilisi nullam vehicula ipsum a arcu cursus vitae. Commodo viverra maecenas accumsan lacus vel facilisis volutpat. Eu turpis egestas pretium aenean pharetra magna ac. Pharetra diam sit amet nisl suscipit adipiscing bibendum est ultricies. Sit amet commodo nulla facilisi nullam vehicula ipsum. Venenatis lectus magna fringilla urna porttitor rhoncus dolor purus. Mattis enim ut tellus elementum sagittis vitae et leo. Mollis aliquam ut porttitor leo a diam sollicitudin tempor id. Molestie ac feugiat sed lectus vestibulum mattis ullamcorper velit. Non pulvinar neque laoreet suspendisse interdum consectetur libero id. Nibh sit amet commodo nulla facilisi nullam vehicula. Praesent semper feugiat nibh sed. Sagittis orci a scelerisque purus semper eget duis at tellus.&#13;&#10;&#13;&#10;Malesuada fames ac turpis egestas. Rhoncus aenean vel elit scelerisque mauris pellentesque pulvinar pellentesque habitant. At augue eget arcu dictum varius duis. Montes nascetur ridiculus mus mauris vitae. Imperdiet nulla malesuada pellentesque elit. Bibendum enim facilisis gravida neque convallis. Tincidunt praesent semper feugiat nibh. Posuere lorem ipsum dolor sit. Auctor augue mauris augue neque gravida in fermentum. Dolor sit amet consectetur adipiscing. Posuere sollicitudin aliquam ultrices sagittis orci a scelerisque. Amet cursus sit amet dictum sit amet justo donec.&#13;&#10;&#13;&#10;Molestie ac feugiat sed lectus vestibulum mattis ullamcorper. Ut diam quam nulla porttitor massa id neque aliquam. Semper auctor neque vitae tempus quam. Vulputate sapien nec sagittis aliquam malesuada. Posuere urna nec tincidunt praesent semper feugiat nibh sed. Hendrerit gravida rutrum quisque non tellus orci. Volutpat blandit aliquam etiam erat. Posuere lorem ipsum dolor sit. Rutrum tellus pellentesque eu tincidunt tortor aliquam nulla facilisi cras. In nulla posuere sollicitudin aliquam ultrices sagittis orci. Quis varius quam quisque id diam. Sagittis aliquam malesuada bibendum arcu. Duis convallis convallis tellus id interdum velit. Dignissim diam quis enim lobortis scelerisque fermentum. Mauris sit amet massa vitae. Maecenas sed enim ut sem viverra aliquet eget sit. Aliquam id diam maecenas ultricies mi eget mauris pharetra et. Sed libero enim sed faucibus. Velit scelerisque in dictum non consectetur. Viverra ipsum nunc aliquet bibendum enim facilisis.&#13;&#10;&#13;&#10;Ut tellus elementum sagittis vitae et leo. Nulla facilisi etiam dignissim diam quis. Quam quisque id diam vel quam elementum pulvinar etiam non. Tellus rutrum tellus pellentesque eu. Volutpat sed cras ornare arcu dui vivamus arcu felis bibendum. Ipsum suspendisse ultrices gravida dictum fusce ut placerat orci. Sit amet facilisis magna etiam. Elit scelerisque mauris pellentesque pulvinar pellentesque habitant morbi. Eu volutpat odio facilisis mauris sit amet. Id venenatis a condimentum vitae. Condimentum lacinia quis vel eros donec ac odio tempor. Habitasse platea dictumst quisque sagittis purus sit amet. Sem fringilla ut morbi tincidunt augue interdum velit euismod. Nisi scelerisque eu ultrices vitae. Eget egestas purus viverra accumsan in nisl nisi scelerisque. Tempor commodo ullamcorper a lacus. Blandit cursus risus at ultrices mi tempus imperdiet nulla.&#13;&#10;&#13;&#10;Id aliquet risus feugiat in ante metus dictum at. Nibh cras pulvinar mattis nunc sed blandit libero volutpat. Proin libero nunc consequat interdum varius sit amet mattis vulputate. Dignissim diam quis enim lobortis scelerisque fermentum dui faucibus in. Volutpat sed cras ornare arcu dui vivamus. Eu nisl nunc mi ipsum. Tortor dignissim convallis aenean et tortor at risus viverra adipiscing. Semper risus in hendrerit gravida rutrum quisque non. Sed turpis tincidunt id aliquet. Blandit aliquam etiam erat velit scelerisque. In vitae turpis massa sed elementum tempus egestas. Elementum integer enim neque volutpat ac. Sagittis vitae et leo duis.&#13;&#10;&#13;&#10;Tincidunt augue interdum velit euismod in pellentesque. Eu facilisis sed odio morbi quis commodo odio. Tristique risus nec feugiat in fermentum posuere urna. Egestas diam in arcu cursus euismod quis viverra nibh cras. Tristique senectus et netus et malesuada fames ac. Viverra aliquet eget sit amet. Nulla facilisi etiam dignissim diam. Sit amet facilisis magna etiam tempor orci eu. Massa ultricies mi quis hendrerit dolor magna eget est. Sagittis nisl rhoncus mattis rhoncus urna neque viverra. Egestas tellus rutrum tellus pellentesque eu. Nunc mi ipsum faucibus vitae aliquet nec ullamcorper. Interdum varius sit amet mattis vulputate enim nulla. Risus ultricies tristique nulla aliquet enim tortor. Felis donec et odio pellentesque diam volutpat commodo. Consectetur purus ut faucibus pulvinar.&#13;&#10;&#13;&#10;Lectus sit amet est placerat in egestas. Duis convallis convallis tellus id interdum velit laoreet id. Aliquam ultrices sagittis orci a scelerisque purus semper eget. Odio euismod lacinia at quis risus sed vulputate. Nibh nisl condimentum id venenatis a condimentum vitae sapien. A arcu cursus vitae congue mauris rhoncus aenean vel elit. Felis bibendum ut tristique et egestas. Mattis ullamcorper velit sed ullamcorper morbi tincidunt. Sagittis aliquam malesuada bibendum arcu vitae elementum curabitur vitae. Vestibulum sed arcu non odio. Pulvinar sapien et ligula ullamcorper malesuada proin libero. Egestas egestas fringilla phasellus faucibus scelerisque eleifend donec. Ac auctor augue mauris augue neque gravida.', 'On Hold', 'High Priority', 1702847576, 1683922376, 0, 1),
(10, 'teststst', 'tessstejjjjjjjjjjjjj', 'On Hold', 'Low Priority', 1702847613, 1746994413, 0, 1),
(11, 'tewt', 'teeeeest&#13;&#10;dosdiodi', 'Open Ticket', 'Urgent', 1702933058, 1741726658, 0, 2),
(12, 'eeeeeeeeeeeee', 'eeeeeeeeeeeeeeeeeeee', 'In Progress', 'Low Priority', 1702933594, 1744401994, 0, 2),
(13, 'eeeeeeeeeeeeee', 'eeeeeeeeeeeeeeeee', 'On Hold', 'Medium Priority', 1702933656, 1681330056, 0, 2),
(14, 'eeeeeeeee', 'eeeeeeeeeeeeeeeeeee', 'On Hold', 'Medium Priority', 1702933717, 1683922117, 0, 2),
(15, 'ttt', 'zzzzzzzzzzzzzzzzzzz', 'On Hold', 'High Priority', 1702941616, 1707693616, 0, 2),
(16, 'alloaaaaaaaa', 'aaaaaaaaaaaaaaaaaaaaaaaa', 'In Progress', 'Low Priority', 1702990550, 1741697750, 0, 2),
(17, 'alloaaaaaaaaha', 'aaaaaaaaaaaaaaaaaaaaaaaa', 'In Progress', 'Low Priority', 1702990647, 1741697847, 0, 2);

-- --------------------------------------------------------

--
-- Table structure for table `user`
--

CREATE TABLE `user` (
  `user_id` int(11) NOT NULL,
  `username` text DEFAULT NULL,
  `email` text DEFAULT NULL,
  `password` text DEFAULT NULL,
  `picture` text DEFAULT NULL
) ENGINE=InnoDB DEFAULT CHARSET=utf8mb4 COLLATE=utf8mb4_general_ci;

--
-- Dumping data for table `user`
--

INSERT INTO `user` (`user_id`, `username`, `email`, `password`, `picture`) VALUES
(1, 'anass', 'anass@gmail.com', '$2y$10$bPN.P2C98JplguSHU6gPn.eh51zt/LtDP9tbk1.LIKHXJmjDZ2Uhu', '../../public/img/DSC00863.jpg'),
(2, 'ilyass', 'ilyass@gmail.com', '$2y$10$3Wqo..VlIKXbsAX3OsFixeXFvPjvsk6pVvXrNSrEqs8nnlSdPEoBG', '../../public/img/1002-1696615923.jpg');

--
-- Indexes for dumped tables
--

--
-- Indexes for table `assignment`
--
ALTER TABLE `assignment`
  ADD KEY `ticket_id` (`ticket_id`),
  ADD KEY `user_id` (`user_id`);

--
-- Indexes for table `comment`
--
ALTER TABLE `comment`
  ADD PRIMARY KEY (`comment_id`),
  ADD KEY `ticket_id` (`ticket_id`),
  ADD KEY `user_id` (`user_id`);

--
-- Indexes for table `tag`
--
ALTER TABLE `tag`
  ADD PRIMARY KEY (`tag_id`),
  ADD UNIQUE KEY `tag` (`tag`) USING HASH;

--
-- Indexes for table `tag_ticket`
--
ALTER TABLE `tag_ticket`
  ADD KEY `ticket_id` (`ticket_id`),
  ADD KEY `tag_id` (`tag_id`);

--
-- Indexes for table `ticket`
--
ALTER TABLE `ticket`
  ADD PRIMARY KEY (`ticket_id`),
  ADD UNIQUE KEY `subject` (`subject`) USING HASH,
  ADD KEY `user_id` (`user_id`);

--
-- Indexes for table `user`
--
ALTER TABLE `user`
  ADD PRIMARY KEY (`user_id`),
  ADD UNIQUE KEY `email` (`email`) USING HASH;

--
-- AUTO_INCREMENT for dumped tables
--

--
-- AUTO_INCREMENT for table `comment`
--
ALTER TABLE `comment`
  MODIFY `comment_id` int(11) NOT NULL AUTO_INCREMENT, AUTO_INCREMENT=135;

--
-- AUTO_INCREMENT for table `tag`
--
ALTER TABLE `tag`
  MODIFY `tag_id` int(11) NOT NULL AUTO_INCREMENT, AUTO_INCREMENT=11;

--
-- AUTO_INCREMENT for table `ticket`
--
ALTER TABLE `ticket`
  MODIFY `ticket_id` int(11) NOT NULL AUTO_INCREMENT, AUTO_INCREMENT=18;

--
-- AUTO_INCREMENT for table `user`
--
ALTER TABLE `user`
  MODIFY `user_id` int(11) NOT NULL AUTO_INCREMENT, AUTO_INCREMENT=3;

--
-- Constraints for dumped tables
--

--
-- Constraints for table `assignment`
--
ALTER TABLE `assignment`
  ADD CONSTRAINT `assignment_ibfk_1` FOREIGN KEY (`ticket_id`) REFERENCES `ticket` (`ticket_id`),
  ADD CONSTRAINT `assignment_ibfk_2` FOREIGN KEY (`user_id`) REFERENCES `user` (`user_id`);

--
-- Constraints for table `comment`
--
ALTER TABLE `comment`
  ADD CONSTRAINT `comment_ibfk_1` FOREIGN KEY (`ticket_id`) REFERENCES `ticket` (`ticket_id`),
  ADD CONSTRAINT `comment_ibfk_2` FOREIGN KEY (`user_id`) REFERENCES `user` (`user_id`);

--
-- Constraints for table `tag_ticket`
--
ALTER TABLE `tag_ticket`
  ADD CONSTRAINT `tag_ticket_ibfk_1` FOREIGN KEY (`ticket_id`) REFERENCES `ticket` (`ticket_id`),
  ADD CONSTRAINT `tag_ticket_ibfk_2` FOREIGN KEY (`tag_id`) REFERENCES `tag` (`tag_id`);

--
-- Constraints for table `ticket`
--
ALTER TABLE `ticket`
  ADD CONSTRAINT `ticket_ibfk_2` FOREIGN KEY (`user_id`) REFERENCES `user` (`user_id`);
COMMIT;

/*!40101 SET CHARACTER_SET_CLIENT=@OLD_CHARACTER_SET_CLIENT */;
/*!40101 SET CHARACTER_SET_RESULTS=@OLD_CHARACTER_SET_RESULTS */;
/*!40101 SET COLLATION_CONNECTION=@OLD_COLLATION_CONNECTION */;
